Plate,Sample,Gate,X Parameter,Y Parameter,Count,Volume,Concentration,X Mean,Y Mean,X SD,Y SD
HW_PYRO_07-21-25,Blank,All Events,FSC - FSC-H,SSC - SSC-H,16,159,0.101,91154,75076,84278.31,188204.42
HW_PYRO_07-21-25,Blank,R1,FSC - FSC-H,SSC - SSC-H,1,159,0.006,279476,772853,N/A,N/A
HW_PYRO_07-21-25,Blank,R2,BL3 - BL3-H,SSC - SSC-H,0,159,0,N/A,N/A,N/A,N/A
HW_PYRO_07-21-25,Blank,R1,BL3 - BL3-H,SSC - SSC-H,1,159,0.006,54,772853,N/A,N/A
HW_PYRO_07-21-25,Blank,R1,FSC - FSC-H,SSC - SSC-H,1,159,0.006,279476,772853,N/A,N/A
HW_PYRO_07-21-25,Blank,R1,BL3 - BL3-H,N/A,1,159,0.006,54,N/A,N/A,N/A
HW_PYRO_07-21-25,Blank,R2,BL3 - BL3-H,SSC - SSC-H,0,159,0,N/A,N/A,N/A,N/A
HW_PYRO_07-21-25,LD_C_20_1,All Events,FSC - FSC-H,SSC - SSC-H,100,159,0.629,65422,19658,89870.32,74678
HW_PYRO_07-21-25,LD_C_20_1,R1,FSC - FSC-H,SSC - SSC-H,1,159,0.006,351386,738100,N/A,N/A
HW_PYRO_07-21-25,LD_C_20_1,R2,BL3 - BL3-H,SSC - SSC-H,1,159,0.006,43673,738100,N/A,N/A
HW_PYRO_07-21-25,LD_C_20_1,R1,BL3 - BL3-H,SSC - SSC-H,1,159,0.006,43673,738100,N/A,N/A
HW_PYRO_07-21-25,LD_C_20_1,R2,CircularityPercent  - CircularityPercent ,AreaSquareMicrons - AreaSquareMicrons,1,159,0.006,46,1324,N/A,N/A
HW_PYRO_07-21-25,LD_C_20_1,R2,MajorDiameterMicrons  - MajorDiameterMicrons ,EccentricityPercent  - EccentricityPercent ,1,159,0.006,50,73,N/A,N/A
HW_PYRO_07-21-25,LD_C_20_1,R2,PerimeterMicrons - PerimeterMicrons,MinorDiameterMicrons  - MinorDiameterMicrons ,1,159,0.006,191,34,N/A,N/A
HW_PYRO_07-21-25,LD_C_20_1,R2,CVIntensity - CVIntensity,AverageIntensity - AverageIntensity,1,159,0.006,43,398,N/A,N/A
HW_PYRO_07-21-25,LD_C_20_1,R2,StandardDeviationIntensity - StandardDeviationIntensity,SkewnessIntensity - SkewnessIntensity,1,159,0.006,172,1,N/A,N/A
HW_PYRO_07-21-25,LD_C_20_1,R1,FSC - FSC-H,SSC - SSC-H,1,159,0.006,351386,738100,N/A,N/A
HW_PYRO_07-21-25,LD_C_20_1,R1,BL3 - BL3-H,N/A,1,159,0.006,43673,N/A,N/A,N/A
HW_PYRO_07-21-25,LD_C_20_1,R2,BL3 - BL3-H,SSC - SSC-H,1,159,0.006,43673,738100,N/A,N/A
HW_PYRO_07-21-25,LD_C_20_2,All Events,FSC - FSC-H,SSC - SSC-H,1811,159,11.39,161382,88957,142207.32,137466.92
HW_PYRO_07-21-25,LD_C_20_2,R1,FSC - FSC-H,SSC - SSC-H,81,159,0.509,402472,554327,140045.39,113164.31
HW_PYRO_07-21-25,LD_C_20_2,R2,BL3 - BL3-H,SSC - SSC-H,43,159,0.27,42496,579276,6613.69,109514.37
HW_PYRO_07-21-25,LD_C_20_2,R1,BL3 - BL3-H,SSC - SSC-H,81,159,0.509,22580,554327,21850.14,113164.31
HW_PYRO_07-21-25,LD_C_20_2,R2,CircularityPercent ,AreaSquareMicrons,43,159,0.27,36,1108,20.17,452.86
HW_PYRO_07-21-25,LD_C_20_2,R2,MajorDiameterMicrons ,EccentricityPercent ,43,159,0.27,44,66,10.44,18.87
HW_PYRO_07-21-25,LD_C_20_2,R2,PerimeterMicrons,MinorDiameterMicrons ,43,159,0.27,203,31,57.35,9.84
HW_PYRO_07-21-25,LD_C_20_2,R2,CVIntensity,AverageIntensity,43,159,0.27,48,336,16.56,76.95
HW_PYRO_07-21-25,LD_C_20_2,R2,StandardDeviationIntensity,SkewnessIntensity,43,159,0.27,159,1,35.62,0.42
HW_PYRO_07-21-25,LD_C_20_2,R1,FSC - FSC-H,SSC - SSC-H,78,159,0.491,406031,559707,139481.94,111859.65
HW_PYRO_07-21-25,LD_C_20_2,R1,BL3 - BL3-H,N/A,78,159,0.491,23447,N/A,21805.22,N/A
HW_PYRO_07-21-25,LD_C_20_2,R2,BL3 - BL3-H,SSC - SSC-H,82,159,0.516,41064,456106,8939.85,156026.51
HW_PYRO_07-21-25,LD_C_20_3,All Events,FSC - FSC-H,SSC - SSC-H,3549,160,22.181,106264,35636,109135.62,87530.01
HW_PYRO_07-21-25,LD_C_20_3,R1,FSC - FSC-H,SSC - SSC-H,38,160,0.237,336987,607337,122170.77,144513.01
HW_PYRO_07-21-25,LD_C_20_3,R2,BL3 - BL3-H,SSC - SSC-H,17,160,0.106,40791,615199,7994.01,94600.04
HW_PYRO_07-21-25,LD_C_20_3,R1,BL3 - BL3-H,SSC - SSC-H,38,160,0.237,18276,607337,21191.81,144513.01
HW_PYRO_07-21-25,LD_C_20_3,R2,CircularityPercent ,AreaSquareMicrons,17,160,0.106,26,923,17.82,507.47
HW_PYRO_07-21-25,LD_C_20_3,R2,MajorDiameterMicrons ,EccentricityPercent ,17,160,0.106,38,63,16.11,28.27
HW_PYRO_07-21-25,LD_C_20_3,R2,PerimeterMicrons,MinorDiameterMicrons ,17,160,0.106,191,26,88.97,13.07
HW_PYRO_07-21-25,LD_C_20_3,R2,CVIntensity,AverageIntensity,17,160,0.106,42,311,17.91,125.33
HW_PYRO_07-21-25,LD_C_20_3,R2,StandardDeviationIntensity,SkewnessIntensity,17,160,0.106,148,1,61.29,0.55
HW_PYRO_07-21-25,LD_C_20_3,R1,FSC - FSC-H,SSC - SSC-H,35,160,0.219,325454,623883,110100.97,138400.88
HW_PYRO_07-21-25,LD_C_20_3,R1,BL3 - BL3-H,N/A,35,160,0.219,19838,N/A,21375,N/A
HW_PYRO_07-21-25,LD_C_20_3,R2,BL3 - BL3-H,SSC - SSC-H,32,160,0.2,35765,458940,11173.66,188530.86
HW_PYRO_07-21-25,LD_C_20_N_1,All Events,FSC - FSC-H,SSC - SSC-H,537,160,3.356,118447,44481,129123.07,118529.94
HW_PYRO_07-21-25,LD_C_20_N_1,R1,FSC - FSC-H,SSC - SSC-H,9,160,0.056,241696,706167,97981.25,225920.23
HW_PYRO_07-21-25,LD_C_20_N_1,R2,BL3 - BL3-H,SSC - SSC-H,0,160,0,N/A,N/A,N/A,N/A
HW_PYRO_07-21-25,LD_C_20_N_1,R1,BL3 - BL3-H,SSC - SSC-H,9,160,0.056,52,706167,10.56,225920.23
HW_PYRO_07-21-25,LD_C_20_N_1,R1,FSC - FSC-H,SSC - SSC-H,7,160,0.044,259726,700874,96935.46,189980.24
HW_PYRO_07-21-25,LD_C_20_N_1,R1,BL3 - BL3-H,N/A,7,160,0.044,53,N/A,12.1,N/A
HW_PYRO_07-21-25,LD_C_20_N_1,R2,BL3 - BL3-H,SSC - SSC-H,0,160,0,N/A,N/A,N/A,N/A
HW_PYRO_07-21-25,LD_C_20_N_2,All Events,FSC - FSC-H,SSC - SSC-H,531,159,3.34,106272,41059,127748.12,109935.07
HW_PYRO_07-21-25,LD_C_20_N_2,R1,FSC - FSC-H,SSC - SSC-H,8,159,0.05,233231,643096,49459.57,156980.89
HW_PYRO_07-21-25,LD_C_20_N_2,R2,BL3 - BL3-H,SSC - SSC-H,0,159,0,N/A,N/A,N/A,N/A
HW_PYRO_07-21-25,LD_C_20_N_2,R1,BL3 - BL3-H,SSC - SSC-H,8,159,0.05,39,643096,11.05,156980.89
HW_PYRO_07-21-25,LD_C_20_N_2,R1,FSC - FSC-H,SSC - SSC-H,7,159,0.044,236964,675825,52190.84,136941.26
HW_PYRO_07-21-25,LD_C_20_N_2,R1,BL3 - BL3-H,N/A,7,159,0.044,39,N/A,11.94,N/A
HW_PYRO_07-21-25,LD_C_20_N_2,R2,BL3 - BL3-H,SSC - SSC-H,0,159,0,N/A,N/A,N/A,N/A
HW_PYRO_07-21-25,LD_C_20_N_3,All Events,FSC - FSC-H,SSC - SSC-H,658,160,4.112,94558,23642,107264.1,73689.96
HW_PYRO_07-21-25,LD_C_20_N_3,R1,FSC - FSC-H,SSC - SSC-H,7,160,0.044,180827,549578,116958.44,127274.56
HW_PYRO_07-21-25,LD_C_20_N_3,R2,BL3 - BL3-H,SSC - SSC-H,1,160,0.006,31137,784167,N/A,N/A
HW_PYRO_07-21-25,LD_C_20_N_3,R1,BL3 - BL3-H,SSC - SSC-H,7,160,0.044,4493,549578,11749.09,127274.56
HW_PYRO_07-21-25,LD_C_20_N_3,R2,CircularityPercent ,AreaSquareMicrons,1,160,0.006,0,0,N/A,N/A
HW_PYRO_07-21-25,LD_C_20_N_3,R2,MajorDiameterMicrons ,EccentricityPercent ,1,160,0.006,0,0,N/A,N/A
HW_PYRO_07-21-25,LD_C_20_N_3,R2,PerimeterMicrons,MinorDiameterMicrons ,1,160,0.006,0,0,N/A,N/A
HW_PYRO_07-21-25,LD_C_20_N_3,R2,CVIntensity,AverageIntensity,1,160,0.006,0,0,N/A,N/A
HW_PYRO_07-21-25,LD_C_20_N_3,R2,StandardDeviationIntensity,SkewnessIntensity,1,160,0.006,0,0,N/A,N/A
HW_PYRO_07-21-25,LD_C_20_N_3,R1,FSC - FSC-H,SSC - SSC-H,6,160,0.037,196284,573370,120034.3,121176.23
HW_PYRO_07-21-25,LD_C_20_N_3,R1,BL3 - BL3-H,N/A,6,160,0.037,5233,N/A,12690.57,N/A
HW_PYRO_07-21-25,LD_C_20_N_3,R2,BL3 - BL3-H,SSC - SSC-H,2,160,0.013,28339,537956,3957.68,348195.64
HW_PYRO_07-21-25,LD_C_25_1,All Events,FSC - FSC-H,SSC - SSC-H,961,159,6.044,115210,32948,126817.24,98058.16
HW_PYRO_07-21-25,LD_C_25_1,R1,FSC - FSC-H,SSC - SSC-H,14,159,0.088,203841,612225,118400.56,195321.68
HW_PYRO_07-21-25,LD_C_25_1,R2,BL3 - BL3-H,SSC - SSC-H,6,159,0.038,42865,575456,10522.78,132840.5
HW_PYRO_07-21-25,LD_C_25_1,R1,BL3 - BL3-H,SSC - SSC-H,14,159,0.088,18390,612225,22943.56,195321.68
HW_PYRO_07-21-25,LD_C_25_1,R2,CircularityPercent ,AreaSquareMicrons,6,159,0.038,19,503,12.56,429.45
HW_PYRO_07-21-25,LD_C_25_1,R2,MajorDiameterMicrons ,EccentricityPercent ,6,159,0.038,28,65,15.99,34.68
HW_PYRO_07-21-25,LD_C_25_1,R2,PerimeterMicrons,MinorDiameterMicrons ,6,159,0.038,156,17,115.69,12.92
HW_PYRO_07-21-25,LD_C_25_1,R2,CVIntensity,AverageIntensity,6,159,0.038,34,274,17.49,143.42
HW_PYRO_07-21-25,LD_C_25_1,R2,StandardDeviationIntensity,SkewnessIntensity,6,159,0.038,113,1,65.55,0.78
HW_PYRO_07-21-25,LD_C_25_1,R1,FSC - FSC-H,SSC - SSC-H,12,159,0.075,200476,592617,127051.11,157324.67
HW_PYRO_07-21-25,LD_C_25_1,R1,BL3 - BL3-H,N/A,12,159,0.075,21448,N/A,23466.89,N/A
HW_PYRO_07-21-25,LD_C_25_1,R2,BL3 - BL3-H,SSC - SSC-H,7,159,0.044,39327,522324,13413.02,185651.3
HW_PYRO_07-21-25,LD_C_25_2,All Events,FSC - FSC-H,SSC - SSC-H,1487,159,9.352,102175,38894,106083.04,109540.17
HW_PYRO_07-21-25,LD_C_25_2,R1,FSC - FSC-H,SSC - SSC-H,43,159,0.27,300431,590107,92779.76,101500.24
HW_PYRO_07-21-25,LD_C_25_2,R2,BL3 - BL3-H,SSC - SSC-H,33,159,0.208,43622,620598,6898.57,91978.25
HW_PYRO_07-21-25,LD_C_25_2,R1,BL3 - BL3-H,SSC - SSC-H,43,159,0.27,33486,590107,19579.46,101500.24
HW_PYRO_07-21-25,LD_C_25_2,R2,CircularityPercent ,AreaSquareMicrons,33,159,0.208,27,818,18.69,482.55
HW_PYRO_07-21-25,LD_C_25_2,R2,MajorDiameterMicrons ,EccentricityPercent ,33,159,0.208,36,62,16.18,29.17
HW_PYRO_07-21-25,LD_C_25_2,R2,PerimeterMicrons,MinorDiameterMicrons ,33,159,0.208,172,24,81.3,12.54
HW_PYRO_07-21-25,LD_C_25_2,R2,CVIntensity,AverageIntensity,33,159,0.208,42,285,18.85,124.83
HW_PYRO_07-21-25,LD_C_25_2,R2,StandardDeviationIntensity,SkewnessIntensity,33,159,0.208,142,1,63.46,0.55
HW_PYRO_07-21-25,LD_C_25_2,R1,FSC - FSC-H,SSC - SSC-H,42,159,0.264,300445,594218,93904.36,99042.45
HW_PYRO_07-21-25,LD_C_25_2,R1,BL3 - BL3-H,N/A,42,159,0.264,34283,N/A,19098.7,N/A
HW_PYRO_07-21-25,LD_C_25_2,R2,BL3 - BL3-H,SSC - SSC-H,36,159,0.226,42334,595259,8014.37,123634.11
HW_PYRO_07-21-25,LD_C_25_3,All Events,FSC - FSC-H,SSC - SSC-H,1092,159,6.868,106944,26048,117778.38,81210.99
HW_PYRO_07-21-25,LD_C_25_3,R1,FSC - FSC-H,SSC - SSC-H,14,159,0.088,351333,608672,191219.06,128403.24
HW_PYRO_07-21-25,LD_C_25_3,R2,BL3 - BL3-H,SSC - SSC-H,4,159,0.025,43972,648539,7166.77,93139.45
HW_PYRO_07-21-25,LD_C_25_3,R1,BL3 - BL3-H,SSC - SSC-H,14,159,0.088,12846,608672,20737.41,128403.24
HW_PYRO_07-21-25,LD_C_25_3,R2,CircularityPercent ,AreaSquareMicrons,4,159,0.025,26,1008,9.26,393.83
HW_PYRO_07-21-25,LD_C_25_3,R2,MajorDiameterMicrons ,EccentricityPercent ,4,159,0.025,42,71,7.33,12.51
HW_PYRO_07-21-25,LD_C_25_3,R2,PerimeterMicrons,MinorDiameterMicrons ,4,159,0.025,218,29,27.3,8.6
HW_PYRO_07-21-25,LD_C_25_3,R2,CVIntensity,AverageIntensity,4,159,0.025,43,351,5.54,35.5
HW_PYRO_07-21-25,LD_C_25_3,R2,StandardDeviationIntensity,SkewnessIntensity,4,159,0.025,150,1,26.71,0.39
HW_PYRO_07-21-25,LD_C_25_3,R1,FSC - FSC-H,SSC - SSC-H,12,159,0.075,372880,641223,189455.63,106718
HW_PYRO_07-21-25,LD_C_25_3,R1,BL3 - BL3-H,N/A,12,159,0.075,14981,N/A,21758.76,N/A
HW_PYRO_07-21-25,LD_C_25_3,R2,BL3 - BL3-H,SSC - SSC-H,5,159,0.031,38417,557769,13886.48,218408.6
HW_PYRO_07-21-25,LD_C_25_N_1,All Events,FSC - FSC-H,SSC - SSC-H,5053,160,31.581,84126,28199,82902.84,74753.77
HW_PYRO_07-21-25,LD_C_25_N_1,R1,FSC - FSC-H,SSC - SSC-H,57,160,0.356,302780,532058,107764.1,105450.21
HW_PYRO_07-21-25,LD_C_25_N_1,R2,BL3 - BL3-H,SSC - SSC-H,42,160,0.263,42501,517079,8908.16,83620.83
HW_PYRO_07-21-25,LD_C_25_N_1,R1,BL3 - BL3-H,SSC - SSC-H,57,160,0.356,31446,532058,20169.85,105450.21
HW_PYRO_07-21-25,LD_C_25_N_1,R2,CircularityPercent ,AreaSquareMicrons,42,160,0.263,28,695,20.4,497.53
HW_PYRO_07-21-25,LD_C_25_N_1,R2,MajorDiameterMicrons ,EccentricityPercent ,42,160,0.263,34,64,15.9,30.69
HW_PYRO_07-21-25,LD_C_25_N_1,R2,PerimeterMicrons,MinorDiameterMicrons ,42,160,0.263,160,21,90.63,13.13
HW_PYRO_07-21-25,LD_C_25_N_1,R2,CVIntensity,AverageIntensity,42,160,0.263,48,274,26.59,128.99
HW_PYRO_07-21-25,LD_C_25_N_1,R2,StandardDeviationIntensity,SkewnessIntensity,42,160,0.263,144,1,64.72,0.72
HW_PYRO_07-21-25,LD_C_25_N_1,R1,FSC - FSC-H,SSC - SSC-H,51,160,0.319,295665,545829,106816.8,103029.24
HW_PYRO_07-21-25,LD_C_25_N_1,R1,BL3 - BL3-H,N/A,51,160,0.319,32851,N/A,20195.66,N/A
HW_PYRO_07-21-25,LD_C_25_N_1,R2,BL3 - BL3-H,SSC - SSC-H,61,160,0.381,37503,450274,11968.53,128710.97
HW_PYRO_07-21-25,LD_C_25_N_2,All Events,FSC - FSC-H,SSC - SSC-H,4417,159,27.78,105759,40396,97117.13,88052.8
HW_PYRO_07-21-25,LD_C_25_N_2,R1,FSC - FSC-H,SSC - SSC-H,56,159,0.352,331539,569493,143147.44,115309.84
HW_PYRO_07-21-25,LD_C_25_N_2,R2,BL3 - BL3-H,SSC - SSC-H,31,159,0.195,45880,583628,7197.25,109316.5
HW_PYRO_07-21-25,LD_C_25_N_2,R1,BL3 - BL3-H,SSC - SSC-H,56,159,0.352,25425,569493,23590.25,115309.84
HW_PYRO_07-21-25,LD_C_25_N_2,R2,CircularityPercent ,AreaSquareMicrons,31,159,0.195,31,970,17.43,309.49
HW_PYRO_07-21-25,LD_C_25_N_2,R2,MajorDiameterMicrons ,EccentricityPercent ,31,159,0.195,43,70,5.42,16.04
HW_PYRO_07-21-25,LD_C_25_N_2,R2,PerimeterMicrons,MinorDiameterMicrons ,31,159,0.195,208,29,36.13,6.86
HW_PYRO_07-21-25,LD_C_25_N_2,R2,CVIntensity,AverageIntensity,31,159,0.195,48,339,6.55,29.59
HW_PYRO_07-21-25,LD_C_25_N_2,R2,StandardDeviationIntensity,SkewnessIntensity,31,159,0.195,163,1,25.25,0.4
HW_PYRO_07-21-25,LD_C_25_N_2,R1,FSC - FSC-H,SSC - SSC-H,53,159,0.333,332872,578363,146244.84,112096.62
HW_PYRO_07-21-25,LD_C_25_N_2,R1,BL3 - BL3-H,N/A,53,159,0.333,25892,N/A,23464.31,N/A
HW_PYRO_07-21-25,LD_C_25_N_2,R2,BL3 - BL3-H,SSC - SSC-H,45,159,0.283,39960,493125,11767.59,166562.42
HW_PYRO_07-21-25,LD_C_25_N_3,All Events,FSC - FSC-H,SSC - SSC-H,420,159,2.642,155127,90563,142773.19,141541.58
HW_PYRO_07-21-25,LD_C_25_N_3,R1,FSC - FSC-H,SSC - SSC-H,17,159,0.107,358819,568849,63644.11,139930.42
HW_PYRO_07-21-25,LD_C_25_N_3,R2,BL3 - BL3-H,SSC - SSC-H,10,159,0.063,43049,610975,8342.25,164407.21
HW_PYRO_07-21-25,LD_C_25_N_3,R1,BL3 - BL3-H,SSC - SSC-H,17,159,0.107,25343,568849,22693.36,139930.42
HW_PYRO_07-21-25,LD_C_25_N_3,R2,CircularityPercent ,AreaSquareMicrons,10,159,0.063,30,817,22.76,423.99
HW_PYRO_07-21-25,LD_C_25_N_3,R2,MajorDiameterMicrons ,EccentricityPercent ,10,159,0.063,38,66,14.01,29.11
HW_PYRO_07-21-25,LD_C_25_N_3,R2,PerimeterMicrons,MinorDiameterMicrons ,10,159,0.063,178,24,77.05,11.66
HW_PYRO_07-21-25,LD_C_25_N_3,R2,CVIntensity,AverageIntensity,10,159,0.063,40,314,16.21,117.75
HW_PYRO_07-21-25,LD_C_25_N_3,R2,StandardDeviationIntensity,SkewnessIntensity,10,159,0.063,138,1,51.8,0.49
HW_PYRO_07-21-25,LD_C_25_N_3,R1,FSC - FSC-H,SSC - SSC-H,16,159,0.101,361224,578504,64928.52,138547.91
HW_PYRO_07-21-25,LD_C_25_N_3,R1,BL3 - BL3-H,N/A,16,159,0.101,26923,N/A,22451.03,N/A
HW_PYRO_07-21-25,LD_C_25_N_3,R2,BL3 - BL3-H,SSC - SSC-H,14,159,0.088,40644,532467,8602.45,192213.64
HW_PYRO_07-21-25,LD_C_30_1,All Events,FSC - FSC-H,SSC - SSC-H,5472,160,34.2,93265,31473,95617.35,75572.88
HW_PYRO_07-21-25,LD_C_30_1,R1,FSC - FSC-H,SSC - SSC-H,50,160,0.313,386190,522785,133012.5,77242.33
HW_PYRO_07-21-25,LD_C_30_1,R2,BL3 - BL3-H,SSC - SSC-H,23,160,0.144,47743,541668,8498.17,63341.6
HW_PYRO_07-21-25,LD_C_30_1,R1,BL3 - BL3-H,SSC - SSC-H,50,160,0.313,22029,522785,24641.82,77242.33
HW_PYRO_07-21-25,LD_C_30_1,R2,CircularityPercent ,AreaSquareMicrons,23,160,0.144,39,904,19.95,362.22
HW_PYRO_07-21-25,LD_C_30_1,R2,MajorDiameterMicrons ,EccentricityPercent ,23,160,0.144,40,71,6.17,17.91
HW_PYRO_07-21-25,LD_C_30_1,R2,PerimeterMicrons,MinorDiameterMicrons ,23,160,0.144,177,27,53.51,9.37
HW_PYRO_07-21-25,LD_C_30_1,R2,CVIntensity,AverageIntensity,23,160,0.144,45,325,9.99,66.73
HW_PYRO_07-21-25,LD_C_30_1,R2,StandardDeviationIntensity,SkewnessIntensity,23,160,0.144,143,1,36.25,0.45
HW_PYRO_07-21-25,LD_C_30_1,R1,FSC - FSC-H,SSC - SSC-H,47,160,0.294,385475,529696,135397.97,74437.48
HW_PYRO_07-21-25,LD_C_30_1,R1,BL3 - BL3-H,N/A,47,160,0.294,23432,N/A,24764.6,N/A
HW_PYRO_07-21-25,LD_C_30_1,R2,BL3 - BL3-H,SSC - SSC-H,51,160,0.319,39337,386195,15349.42,160143.99
HW_PYRO_07-21-25,LD_C_30_2,All Events,FSC - FSC-H,SSC - SSC-H,7632,159,48,101525,43598,101931.94,90107.22
HW_PYRO_07-21-25,LD_C_30_2,R1,FSC - FSC-H,SSC - SSC-H,123,159,0.774,339018,510444,95941.72,81914.48
HW_PYRO_07-21-25,LD_C_30_2,R2,BL3 - BL3-H,SSC - SSC-H,94,159,0.591,44727,515508,7702.76,62636.21
HW_PYRO_07-21-25,LD_C_30_2,R1,BL3 - BL3-H,SSC - SSC-H,123,159,0.774,34270,510444,20072.14,81914.48
HW_PYRO_07-21-25,LD_C_30_2,R2,CircularityPercent ,AreaSquareMicrons,94,159,0.591,30,883,19.51,461.55
HW_PYRO_07-21-25,LD_C_30_2,R2,MajorDiameterMicrons ,EccentricityPercent ,94,159,0.591,39,66,12.62,22.66
HW_PYRO_07-21-25,LD_C_30_2,R2,PerimeterMicrons,MinorDiameterMicrons ,94,159,0.591,193,26,74.62,10.8
HW_PYRO_07-21-25,LD_C_30_2,R2,CVIntensity,AverageIntensity,94,159,0.591,45,320,14.92,90.01
HW_PYRO_07-21-25,LD_C_30_2,R2,StandardDeviationIntensity,SkewnessIntensity,94,159,0.591,149,1,46.86,0.49
HW_PYRO_07-21-25,LD_C_30_2,R1,FSC - FSC-H,SSC - SSC-H,116,159,0.73,339280,510828,96357.39,64735.77
HW_PYRO_07-21-25,LD_C_30_2,R1,BL3 - BL3-H,N/A,116,159,0.73,35100,N/A,19859.82,N/A
HW_PYRO_07-21-25,LD_C_30_2,R2,BL3 - BL3-H,SSC - SSC-H,153,159,0.962,40929,425461,10705.22,131919.46
HW_PYRO_07-21-25,LD_C_30_3,All Events,FSC - FSC-H,SSC - SSC-H,11503,160,71.894,95569,34020,93644.84,74291.66
HW_PYRO_07-21-25,LD_C_30_3,R1,FSC - FSC-H,SSC - SSC-H,74,160,0.463,324596,529178,102291.3,94526.51
HW_PYRO_07-21-25,LD_C_30_3,R2,BL3 - BL3-H,SSC - SSC-H,45,160,0.281,42365,542785,9843.57,85921.59
HW_PYRO_07-21-25,LD_C_30_3,R1,BL3 - BL3-H,SSC - SSC-H,74,160,0.463,25955,529178,21968.83,94526.51
HW_PYRO_07-21-25,LD_C_30_3,R2,CircularityPercent ,AreaSquareMicrons,45,160,0.281,31,811,16.16,394.83
HW_PYRO_07-21-25,LD_C_30_3,R2,MajorDiameterMicrons ,EccentricityPercent ,45,160,0.281,38,70,11.72,20.41
HW_PYRO_07-21-25,LD_C_30_3,R2,PerimeterMicrons,MinorDiameterMicrons ,45,160,0.281,179,25,66.93,9.83
HW_PYRO_07-21-25,LD_C_30_3,R2,CVIntensity,AverageIntensity,45,160,0.281,48,327,15.42,88.31
HW_PYRO_07-21-25,LD_C_30_3,R2,StandardDeviationIntensity,SkewnessIntensity,45,160,0.281,160,1,49.54,0.59
HW_PYRO_07-21-25,LD_C_30_3,R1,FSC - FSC-H,SSC - SSC-H,69,160,0.431,319251,537634,103183.9,92287.78
HW_PYRO_07-21-25,LD_C_30_3,R1,BL3 - BL3-H,N/A,69,160,0.431,27120,N/A,21924.75,N/A
HW_PYRO_07-21-25,LD_C_30_3,R2,BL3 - BL3-H,SSC - SSC-H,89,160,0.556,36447,403939,12787.1,161078.85
HW_PYRO_07-21-25,LD_C_30_N_1,All Events,FSC - FSC-H,SSC - SSC-H,3986,160,24.913,81253,26255,84876.87,84302.41
HW_PYRO_07-21-25,LD_C_30_N_1,R1,FSC - FSC-H,SSC - SSC-H,56,160,0.35,349972,607590,114071.41,98849.14
HW_PYRO_07-21-25,LD_C_30_N_1,R2,BL3 - BL3-H,SSC - SSC-H,49,160,0.306,42974,611352,8614.96,99984.7
HW_PYRO_07-21-25,LD_C_30_N_1,R1,BL3 - BL3-H,SSC - SSC-H,56,160,0.35,37707,607590,16213.9,98849.14
HW_PYRO_07-21-25,LD_C_30_N_1,R2,CircularityPercent ,AreaSquareMicrons,49,160,0.306,24,719,17.99,420.36
HW_PYRO_07-21-25,LD_C_30_N_1,R2,MajorDiameterMicrons ,EccentricityPercent ,49,160,0.306,34,60,16.66,30.76
HW_PYRO_07-21-25,LD_C_30_N_1,R2,PerimeterMicrons,MinorDiameterMicrons ,49,160,0.306,167,22,88.26,12.05
HW_PYRO_07-21-25,LD_C_30_N_1,R2,CVIntensity,AverageIntensity,49,160,0.306,40,276,21.25,137.79
HW_PYRO_07-21-25,LD_C_30_N_1,R2,StandardDeviationIntensity,SkewnessIntensity,49,160,0.306,135,1,68.88,0.64
HW_PYRO_07-21-25,LD_C_30_N_1,R1,FSC - FSC-H,SSC - SSC-H,55,160,0.344,350315,611091,115093.68,96191.99
HW_PYRO_07-21-25,LD_C_30_N_1,R1,BL3 - BL3-H,N/A,55,160,0.344,37496,N/A,16285.92,N/A
HW_PYRO_07-21-25,LD_C_30_N_1,R2,BL3 - BL3-H,SSC - SSC-H,60,160,0.375,39564,557244,11485.76,148664.45
HW_PYRO_07-21-25,LD_C_30_N_2,All Events,FSC - FSC-H,SSC - SSC-H,2632,159,16.553,91931,32951,99370.84,102658.52
HW_PYRO_07-21-25,LD_C_30_N_2,R1,FSC - FSC-H,SSC - SSC-H,59,159,0.371,344681,626067,148131.9,113293.74
HW_PYRO_07-21-25,LD_C_30_N_2,R2,BL3 - BL3-H,SSC - SSC-H,40,159,0.252,40676,660627,6790.55,106194.19
HW_PYRO_07-21-25,LD_C_30_N_2,R1,BL3 - BL3-H,SSC - SSC-H,59,159,0.371,27593,626067,19938.44,113293.74
HW_PYRO_07-21-25,LD_C_30_N_2,R2,CircularityPercent ,AreaSquareMicrons,40,159,0.252,34,859,16.34,357.8
HW_PYRO_07-21-25,LD_C_30_N_2,R2,MajorDiameterMicrons ,EccentricityPercent ,40,159,0.252,41,74,10.52,16.11
HW_PYRO_07-21-25,LD_C_30_N_2,R2,PerimeterMicrons,MinorDiameterMicrons ,40,159,0.252,181,25,58.99,8.46
HW_PYRO_07-21-25,LD_C_30_N_2,R2,CVIntensity,AverageIntensity,40,159,0.252,47,339,13.65,70.22
HW_PYRO_07-21-25,LD_C_30_N_2,R2,StandardDeviationIntensity,SkewnessIntensity,40,159,0.252,158,1,32.86,0.46
HW_PYRO_07-21-25,LD_C_30_N_2,R1,FSC - FSC-H,SSC - SSC-H,58,159,0.365,348505,629678,146459.15,110804.71
HW_PYRO_07-21-25,LD_C_30_N_2,R1,BL3 - BL3-H,N/A,58,159,0.365,28068,N/A,19773.06,N/A
HW_PYRO_07-21-25,LD_C_30_N_2,R2,BL3 - BL3-H,SSC - SSC-H,45,159,0.283,37927,614329,10419.06,166561.49
HW_PYRO_07-21-25,LD_C_30_N_3,All Events,FSC - FSC-H,SSC - SSC-H,1684,159,10.591,103441,35693,108685.64,101773.6
HW_PYRO_07-21-25,LD_C_30_N_3,R1,FSC - FSC-H,SSC - SSC-H,46,159,0.289,338794,556307,114154.93,86993.35
HW_PYRO_07-21-25,LD_C_30_N_3,R2,BL3 - BL3-H,SSC - SSC-H,37,159,0.233,42030,561421,6119.42,78909.18
HW_PYRO_07-21-25,LD_C_30_N_3,R1,BL3 - BL3-H,SSC - SSC-H,46,159,0.289,33814,556307,17709.2,86993.35
HW_PYRO_07-21-25,LD_C_30_N_3,R2,CircularityPercent ,AreaSquareMicrons,37,159,0.233,33,1013,22.42,699.28
HW_PYRO_07-21-25,LD_C_30_N_3,R2,MajorDiameterMicrons ,EccentricityPercent ,37,159,0.233,41,65,15.24,25.44
HW_PYRO_07-21-25,LD_C_30_N_3,R2,PerimeterMicrons,MinorDiameterMicrons ,37,159,0.233,188,28,75.99,12.86
HW_PYRO_07-21-25,LD_C_30_N_3,R2,CVIntensity,AverageIntensity,37,159,0.233,45,310,16.15,105.74
HW_PYRO_07-21-25,LD_C_30_N_3,R2,StandardDeviationIntensity,SkewnessIntensity,37,159,0.233,152,1,55.15,0.52
HW_PYRO_07-21-25,LD_C_30_N_3,R1,FSC - FSC-H,SSC - SSC-H,43,159,0.27,335594,566205,109874.89,81054.57
HW_PYRO_07-21-25,LD_C_30_N_3,R1,BL3 - BL3-H,N/A,43,159,0.27,34920,N/A,17469,N/A
HW_PYRO_07-21-25,LD_C_30_N_3,R2,BL3 - BL3-H,SSC - SSC-H,43,159,0.27,39940,532084,7968.81,104238.26
HW_PYRO_07-21-25,LD_H_20_1,All Events,FSC - FSC-H,SSC - SSC-H,5544,159,34.868,107981,41609,111437.57,89164.1
HW_PYRO_07-21-25,LD_H_20_1,R1,FSC - FSC-H,SSC - SSC-H,62,159,0.39,407589,571756,150292.7,143736.99
HW_PYRO_07-21-25,LD_H_20_1,R2,BL3 - BL3-H,SSC - SSC-H,22,159,0.138,39628,578917,10419.16,131803.12
HW_PYRO_07-21-25,LD_H_20_1,R1,BL3 - BL3-H,SSC - SSC-H,62,159,0.39,14157,571756,20002.48,143736.99
HW_PYRO_07-21-25,LD_H_20_1,R2,CircularityPercent ,AreaSquareMicrons,22,159,0.138,35,1070,18.3,677.98
HW_PYRO_07-21-25,LD_H_20_1,R2,MajorDiameterMicrons ,EccentricityPercent ,22,159,0.138,46,76,13.24,15.85
HW_PYRO_07-21-25,LD_H_20_1,R2,PerimeterMicrons,MinorDiameterMicrons ,22,159,0.138,200,28,61.99,11.26
HW_PYRO_07-21-25,LD_H_20_1,R2,CVIntensity,AverageIntensity,22,159,0.138,47,372,10.71,77.8
HW_PYRO_07-21-25,LD_H_20_1,R2,StandardDeviationIntensity,SkewnessIntensity,22,159,0.138,169,1,32.93,0.7
HW_PYRO_07-21-25,LD_H_20_1,R1,FSC - FSC-H,SSC - SSC-H,57,159,0.358,406085,585504,155853.93,141836.96
HW_PYRO_07-21-25,LD_H_20_1,R1,BL3 - BL3-H,N/A,57,159,0.358,14698,N/A,20237.42,N/A
HW_PYRO_07-21-25,LD_H_20_1,R2,BL3 - BL3-H,SSC - SSC-H,53,159,0.333,33540,410496,12358.66,172718.99
HW_PYRO_07-21-25,LD_H_20_N_1,All Events,FSC - FSC-H,SSC - SSC-H,603,160,3.769,126319,32913,138648.16,92216.01
HW_PYRO_07-21-25,LD_H_20_N_1,R1,FSC - FSC-H,SSC - SSC-H,12,160,0.075,324610,586284,182564.11,105566.45
HW_PYRO_07-21-25,LD_H_20_N_1,R2,BL3 - BL3-H,SSC - SSC-H,2,160,0.013,46409,686623,4230.62,2914.69
HW_PYRO_07-21-25,LD_H_20_N_1,R1,BL3 - BL3-H,SSC - SSC-H,12,160,0.075,7851,586284,18057.25,105566.45
HW_PYRO_07-21-25,LD_H_20_N_1,R2,CircularityPercent ,AreaSquareMicrons,2,160,0.013,24,698,4.83,411.37
HW_PYRO_07-21-25,LD_H_20_N_1,R2,MajorDiameterMicrons ,EccentricityPercent ,2,160,0.013,38,82,10.94,1.92
HW_PYRO_07-21-25,LD_H_20_N_1,R2,PerimeterMicrons,MinorDiameterMicrons ,2,160,0.013,187,22,39.09,7.35
HW_PYRO_07-21-25,LD_H_20_N_1,R2,CVIntensity,AverageIntensity,2,160,0.013,40,361,1.52,45.51
HW_PYRO_07-21-25,LD_H_20_N_1,R2,StandardDeviationIntensity,SkewnessIntensity,2,160,0.013,146,1,23.85,0.18
HW_PYRO_07-21-25,LD_H_20_N_1,R1,FSC - FSC-H,SSC - SSC-H,11,160,0.069,319359,601911,190522.31,95053.91
HW_PYRO_07-21-25,LD_H_20_N_1,R1,BL3 - BL3-H,N/A,11,160,0.069,8559,N/A,18763.12,N/A
HW_PYRO_07-21-25,LD_H_20_N_1,R2,BL3 - BL3-H,SSC - SSC-H,2,160,0.013,46409,686623,4230.62,2914.69
HW_PYRO_07-21-25,LD_H_20_2,All Events,FSC - FSC-H,SSC - SSC-H,4773,159,30.019,105441,43468,108585.59,88192.25
HW_PYRO_07-21-25,LD_H_20_2,R1,FSC - FSC-H,SSC - SSC-H,56,159,0.352,392471,542095,147360.11,106970.97
HW_PYRO_07-21-25,LD_H_20_2,R2,BL3 - BL3-H,SSC - SSC-H,20,159,0.126,38831,575863,8781.38,136639.4
HW_PYRO_07-21-25,LD_H_20_2,R1,BL3 - BL3-H,SSC - SSC-H,56,159,0.352,14074,542095,19332.36,106970.97
HW_PYRO_07-21-25,LD_H_20_2,R2,CircularityPercent ,AreaSquareMicrons,20,159,0.126,34,1088,23.25,449.57
HW_PYRO_07-21-25,LD_H_20_2,R2,MajorDiameterMicrons ,EccentricityPercent ,20,159,0.126,43,64,9.65,19.6
HW_PYRO_07-21-25,LD_H_20_2,R2,PerimeterMicrons,MinorDiameterMicrons ,20,159,0.126,216,31,69.73,10.56
HW_PYRO_07-21-25,LD_H_20_2,R2,CVIntensity,AverageIntensity,20,159,0.126,46,368,7.77,39.97
HW_PYRO_07-21-25,LD_H_20_2,R2,StandardDeviationIntensity,SkewnessIntensity,20,159,0.126,168,1,25.58,0.73
HW_PYRO_07-21-25,LD_H_20_2,R1,FSC - FSC-H,SSC - SSC-H,52,159,0.327,391301,551758,147541,104903.68
HW_PYRO_07-21-25,LD_H_20_2,R1,BL3 - BL3-H,N/A,52,159,0.327,13809,N/A,19442.36,N/A
HW_PYRO_07-21-25,LD_H_20_2,R2,BL3 - BL3-H,SSC - SSC-H,38,159,0.239,31583,431796,13194.97,191444.48
HW_PYRO_07-21-25,LD_H_20_N_2,All Events,FSC - FSC-H,SSC - SSC-H,2442,160,15.262,104163,37225,106196.1,88502.6
HW_PYRO_07-21-25,LD_H_20_N_2,R1,FSC - FSC-H,SSC - SSC-H,32,160,0.2,340579,576484,131715.82,138363.13
HW_PYRO_07-21-25,LD_H_20_N_2,R2,BL3 - BL3-H,SSC - SSC-H,19,160,0.119,42859,603482,14224.52,118268.53
HW_PYRO_07-21-25,LD_H_20_N_2,R1,BL3 - BL3-H,SSC - SSC-H,32,160,0.2,25701,576484,23734.41,138363.13
HW_PYRO_07-21-25,LD_H_20_N_2,R2,CircularityPercent ,AreaSquareMicrons,19,160,0.119,29,939,18.25,513.22
HW_PYRO_07-21-25,LD_H_20_N_2,R2,MajorDiameterMicrons ,EccentricityPercent ,19,160,0.119,39,62,15.15,26.92
HW_PYRO_07-21-25,LD_H_20_N_2,R2,PerimeterMicrons,MinorDiameterMicrons ,19,160,0.119,186,27,76.47,12.21
HW_PYRO_07-21-25,LD_H_20_N_2,R2,CVIntensity,AverageIntensity,19,160,0.119,45,313,16.81,116.78
HW_PYRO_07-21-25,LD_H_20_N_2,R2,StandardDeviationIntensity,SkewnessIntensity,19,160,0.119,158,1,58.67,0.64
HW_PYRO_07-21-25,LD_H_20_N_2,R1,FSC - FSC-H,SSC - SSC-H,30,160,0.188,349792,566613,130845.65,110333.94
HW_PYRO_07-21-25,LD_H_20_N_2,R1,BL3 - BL3-H,N/A,30,160,0.188,25713,N/A,23610.14,N/A
HW_PYRO_07-21-25,LD_H_20_N_2,R2,BL3 - BL3-H,SSC - SSC-H,22,160,0.138,41693,531004,13694.14,135512.82
HW_PYRO_07-21-25,LD_H_20_3,All Events,FSC - FSC-H,SSC - SSC-H,4756,159,29.912,122031,51908,121311.48,100139.27
HW_PYRO_07-21-25,LD_H_20_3,R1,FSC - FSC-H,SSC - SSC-H,82,159,0.516,398180,542367,146049.8,127819.78
HW_PYRO_07-21-25,LD_H_20_3,R2,BL3 - BL3-H,SSC - SSC-H,40,159,0.252,40947,584150,9655.08,149609.94
HW_PYRO_07-21-25,LD_H_20_3,R1,BL3 - BL3-H,SSC - SSC-H,82,159,0.516,20047,542367,21589.74,127819.78
HW_PYRO_07-21-25,LD_H_20_3,R2,CircularityPercent ,AreaSquareMicrons,40,159,0.252,25,873,18.04,486.64
HW_PYRO_07-21-25,LD_H_20_3,R2,MajorDiameterMicrons ,EccentricityPercent ,40,159,0.252,37,60,16.55,28.66
HW_PYRO_07-21-25,LD_H_20_3,R2,PerimeterMicrons,MinorDiameterMicrons ,40,159,0.252,185,25,89.8,12.76
HW_PYRO_07-21-25,LD_H_20_3,R2,CVIntensity,AverageIntensity,40,159,0.252,40,298,21.1,135.49
HW_PYRO_07-21-25,LD_H_20_3,R2,StandardDeviationIntensity,SkewnessIntensity,40,159,0.252,139,1,63.84,0.63
HW_PYRO_07-21-25,LD_H_20_3,R1,FSC - FSC-H,SSC - SSC-H,73,159,0.459,398061,558369,150540.26,126543.76
HW_PYRO_07-21-25,LD_H_20_3,R1,BL3 - BL3-H,N/A,73,159,0.459,20694,N/A,21541.56,N/A
HW_PYRO_07-21-25,LD_H_20_3,R2,BL3 - BL3-H,SSC - SSC-H,52,159,0.327,38794,518529,10410.03,182067.25
HW_PYRO_07-21-25,LD_H_20_N_3,All Events,FSC - FSC-H,SSC - SSC-H,1292,160,8.075,145508,84575,145660.86,153446.36
HW_PYRO_07-21-25,LD_H_20_N_3,R1,FSC - FSC-H,SSC - SSC-H,83,160,0.519,390919,566434,155138.94,117498.61
HW_PYRO_07-21-25,LD_H_20_N_3,R2,BL3 - BL3-H,SSC - SSC-H,52,160,0.325,45085,579210,9504.53,118456.95
HW_PYRO_07-21-25,LD_H_20_N_3,R1,BL3 - BL3-H,SSC - SSC-H,83,160,0.519,28274,566434,23153.14,117498.61
HW_PYRO_07-21-25,LD_H_20_N_3,R2,CircularityPercent ,AreaSquareMicrons,52,160,0.325,33,994,22.39,644.7
HW_PYRO_07-21-25,LD_H_20_N_3,R2,MajorDiameterMicrons ,EccentricityPercent ,52,160,0.325,39,60,15.69,23.56
HW_PYRO_07-21-25,LD_H_20_N_3,R2,PerimeterMicrons,MinorDiameterMicrons ,52,160,0.325,191,28,82.43,13.01
HW_PYRO_07-21-25,LD_H_20_N_3,R2,CVIntensity,AverageIntensity,52,160,0.325,45,319,15.85,103.1
HW_PYRO_07-21-25,LD_H_20_N_3,R2,StandardDeviationIntensity,SkewnessIntensity,52,160,0.325,154,1,52.31,0.57
HW_PYRO_07-21-25,LD_H_20_N_3,R1,FSC - FSC-H,SSC - SSC-H,80,160,0.5,389094,572154,156360.79,115812.99
HW_PYRO_07-21-25,LD_H_20_N_3,R1,BL3 - BL3-H,N/A,80,160,0.5,28558,N/A,22843.21,N/A
HW_PYRO_07-21-25,LD_H_20_N_3,R2,BL3 - BL3-H,SSC - SSC-H,63,160,0.394,45189,525896,10327.14,134400.43
HW_PYRO_07-21-25,LD_H_25_1,All Events,FSC - FSC-H,SSC - SSC-H,7350,160,45.938,101337,47529,106420.84,98557.88
HW_PYRO_07-21-25,LD_H_25_1,R1,FSC - FSC-H,SSC - SSC-H,116,160,0.725,400648,554733,149471.78,119484.27
HW_PYRO_07-21-25,LD_H_25_1,R2,BL3 - BL3-H,SSC - SSC-H,56,160,0.35,46899,565501,12335,120009.06
HW_PYRO_07-21-25,LD_H_25_1,R1,BL3 - BL3-H,SSC - SSC-H,116,160,0.725,22790,554733,24906.92,119484.27
HW_PYRO_07-21-25,LD_H_25_1,R2,CircularityPercent ,AreaSquareMicrons,56,160,0.35,35,998,20.37,610.48
HW_PYRO_07-21-25,LD_H_25_1,R2,MajorDiameterMicrons ,EccentricityPercent ,56,160,0.35,42,71,13.47,21.04
HW_PYRO_07-21-25,LD_H_25_1,R2,PerimeterMicrons,MinorDiameterMicrons ,56,160,0.35,186,27,66.77,11.09
HW_PYRO_07-21-25,LD_H_25_1,R2,CVIntensity,AverageIntensity,56,160,0.35,45,331,13.48,93.93
HW_PYRO_07-21-25,LD_H_25_1,R2,StandardDeviationIntensity,SkewnessIntensity,56,160,0.35,154,1,44.45,0.52
HW_PYRO_07-21-25,LD_H_25_1,R1,FSC - FSC-H,SSC - SSC-H,104,160,0.65,409388,571023,147725.32,115529.96
HW_PYRO_07-21-25,LD_H_25_1,R1,BL3 - BL3-H,N/A,104,160,0.65,22869,N/A,25025.37,N/A
HW_PYRO_07-21-25,LD_H_25_1,R2,BL3 - BL3-H,SSC - SSC-H,111,160,0.694,44414,442976,12861.2,155668.62
HW_PYRO_07-21-25,LD_H_25_N_1,All Events,FSC - FSC-H,SSC - SSC-H,2479,159,15.591,123067,68029,111412.74,120599.65
HW_PYRO_07-21-25,LD_H_25_N_1,R1,FSC - FSC-H,SSC - SSC-H,92,159,0.579,356585,523305,135242.02,94987.76
HW_PYRO_07-21-25,LD_H_25_N_1,R2,BL3 - BL3-H,SSC - SSC-H,66,159,0.415,47378,515258,5997.65,82550.6
HW_PYRO_07-21-25,LD_H_25_N_1,R1,BL3 - BL3-H,SSC - SSC-H,92,159,0.579,34099,523305,21878.99,94987.76
HW_PYRO_07-21-25,LD_H_25_N_1,R2,CircularityPercent ,AreaSquareMicrons,66,159,0.415,30,886,17.7,356.09
HW_PYRO_07-21-25,LD_H_25_N_1,R2,MajorDiameterMicrons ,EccentricityPercent ,66,159,0.415,39,64,11.07,21.12
HW_PYRO_07-21-25,LD_H_25_N_1,R2,PerimeterMicrons,MinorDiameterMicrons ,66,159,0.415,189,27,61.13,9.12
HW_PYRO_07-21-25,LD_H_25_N_1,R2,CVIntensity,AverageIntensity,66,159,0.415,50,300,17.01,90.47
HW_PYRO_07-21-25,LD_H_25_N_1,R2,StandardDeviationIntensity,SkewnessIntensity,66,159,0.415,158,1,47.84,0.58
HW_PYRO_07-21-25,LD_H_25_N_1,R1,FSC - FSC-H,SSC - SSC-H,87,159,0.547,354422,529617,135055.19,93833.02
HW_PYRO_07-21-25,LD_H_25_N_1,R1,BL3 - BL3-H,N/A,87,159,0.547,35011,N/A,21485.61,N/A
HW_PYRO_07-21-25,LD_H_25_N_1,R2,BL3 - BL3-H,SSC - SSC-H,109,159,0.686,46055,426997,9488.08,133011.35
HW_PYRO_07-21-25,LD_H_25_2,All Events,FSC - FSC-H,SSC - SSC-H,7986,159,50.226,97194,43756,97224.07,88959.61
HW_PYRO_07-21-25,LD_H_25_2,R1,FSC - FSC-H,SSC - SSC-H,83,159,0.522,319731,576068,146815.32,133132.93
HW_PYRO_07-21-25,LD_H_25_2,R2,BL3 - BL3-H,SSC - SSC-H,22,159,0.138,48010,632805,12023.3,126476.74
HW_PYRO_07-21-25,LD_H_25_2,R1,BL3 - BL3-H,SSC - SSC-H,83,159,0.522,12969,576068,22051.78,133132.93
HW_PYRO_07-21-25,LD_H_25_2,R2,CircularityPercent ,AreaSquareMicrons,22,159,0.138,38,1043,22.8,429.04
HW_PYRO_07-21-25,LD_H_25_2,R2,MajorDiameterMicrons ,EccentricityPercent ,22,159,0.138,42,63,14.79,23.93
HW_PYRO_07-21-25,LD_H_25_2,R2,PerimeterMicrons,MinorDiameterMicrons ,22,159,0.138,181,29,66.79,10.67
HW_PYRO_07-21-25,LD_H_25_2,R2,CVIntensity,AverageIntensity,22,159,0.138,42,326,14.61,110.3
HW_PYRO_07-21-25,LD_H_25_2,R2,StandardDeviationIntensity,SkewnessIntensity,22,159,0.138,152,1,52.43,0.52
HW_PYRO_07-21-25,LD_H_25_2,R1,FSC - FSC-H,SSC - SSC-H,79,159,0.497,317484,584395,147282.84,131053.31
HW_PYRO_07-21-25,LD_H_25_2,R1,BL3 - BL3-H,N/A,79,159,0.497,13624,N/A,22410.07,N/A
HW_PYRO_07-21-25,LD_H_25_2,R2,BL3 - BL3-H,SSC - SSC-H,64,159,0.403,40114,409098,13498.9,184256.29
HW_PYRO_07-21-25,LD_H_25_N_2,All Events,FSC - FSC-H,SSC - SSC-H,5612,159,35.296,88267,30110,85316.05,76149.87
HW_PYRO_07-21-25,LD_H_25_N_2,R1,FSC - FSC-H,SSC - SSC-H,63,159,0.396,338704,538289,131916.68,77783.51
HW_PYRO_07-21-25,LD_H_25_N_2,R2,BL3 - BL3-H,SSC - SSC-H,45,159,0.283,41735,544184,9625.93,83259.84
HW_PYRO_07-21-25,LD_H_25_N_2,R1,BL3 - BL3-H,SSC - SSC-H,63,159,0.396,29917,538289,20512.48,77783.51
HW_PYRO_07-21-25,LD_H_25_N_2,R2,CircularityPercent ,AreaSquareMicrons,45,159,0.283,33,912,19.25,438.91
HW_PYRO_07-21-25,LD_H_25_N_2,R2,MajorDiameterMicrons ,EccentricityPercent ,45,159,0.283,39,66,11.91,21.02
HW_PYRO_07-21-25,LD_H_25_N_2,R2,PerimeterMicrons,MinorDiameterMicrons ,45,159,0.283,187,27,71,10.35
HW_PYRO_07-21-25,LD_H_25_N_2,R2,CVIntensity,AverageIntensity,45,159,0.283,49,326,14.01,107.48
HW_PYRO_07-21-25,LD_H_25_N_2,R2,StandardDeviationIntensity,SkewnessIntensity,45,159,0.283,162,1,45.62,0.59
HW_PYRO_07-21-25,LD_H_25_N_2,R1,FSC - FSC-H,SSC - SSC-H,57,159,0.358,344984,551439,132226.03,69617.79
HW_PYRO_07-21-25,LD_H_25_N_2,R1,BL3 - BL3-H,N/A,57,159,0.358,31197,N/A,20799.08,N/A
HW_PYRO_07-21-25,LD_H_25_N_2,R2,BL3 - BL3-H,SSC - SSC-H,71,159,0.447,37256,441843,11566.1,156338.43
HW_PYRO_07-21-25,LD_H_25_N_2,All Events,FSC - FSC-H,SSC - SSC-H,4393,159,27.629,109554,68810,103646.36,108660.75
HW_PYRO_07-21-25,LD_H_25_3,R1,FSC - FSC-H,SSC - SSC-H,101,159,0.635,375785,555627,140511.3,107801.78
HW_PYRO_07-21-25,LD_H_25_3,R2,BL3 - BL3-H,SSC - SSC-H,51,159,0.321,45570,565620,8495.48,97752.57
HW_PYRO_07-21-25,LD_H_25_3,R1,BL3 - BL3-H,SSC - SSC-H,101,159,0.635,23069,555627,23615.87,107801.78
HW_PYRO_07-21-25,LD_H_25_3,R2,CircularityPercent ,AreaSquareMicrons,51,159,0.321,33,888,19.02,387.74
HW_PYRO_07-21-25,LD_H_25_3,R2,MajorDiameterMicrons ,EccentricityPercent ,51,159,0.321,40,69,10.95,19.88
HW_PYRO_07-21-25,LD_H_25_3,R2,PerimeterMicrons,MinorDiameterMicrons ,51,159,0.321,183,27,55.75,9.23
HW_PYRO_07-21-25,LD_H_25_3,R2,CVIntensity,AverageIntensity,51,159,0.321,48,318,13.2,80.36
HW_PYRO_07-21-25,LD_H_25_3,R2,StandardDeviationIntensity,SkewnessIntensity,51,159,0.321,157,1,40.04,0.55
HW_PYRO_07-21-25,LD_H_25_3,R1,FSC - FSC-H,SSC - SSC-H,96,159,0.604,376537,562961,140176.49,105517.21
HW_PYRO_07-21-25,LD_H_25_3,R1,BL3 - BL3-H,N/A,96,159,0.604,23150,N/A,23454.43,N/A
HW_PYRO_07-21-25,LD_H_25_3,R2,BL3 - BL3-H,SSC - SSC-H,110,159,0.692,43855,419276,9595.32,156491.23
HW_PYRO_07-21-25,LD_H_25_N_3,All Events,FSC - FSC-H,SSC - SSC-H,7396,159,46.516,91713,35367,88571.27,73616.37
HW_PYRO_07-21-25,LD_H_25_N_3,R1,FSC - FSC-H,SSC - SSC-H,48,159,0.302,371996,603334,130656.52,150506.44
HW_PYRO_07-21-25,LD_H_25_N_3,R2,BL3 - BL3-H,SSC - SSC-H,24,159,0.151,40931,659654,16064.26,119181.71
HW_PYRO_07-21-25,LD_H_25_N_3,R1,BL3 - BL3-H,SSC - SSC-H,48,159,0.302,20504,603334,23503.8,150506.44
HW_PYRO_07-21-25,LD_H_25_N_3,R2,CircularityPercent ,AreaSquareMicrons,24,159,0.151,34,1000,21.1,804.04
HW_PYRO_07-21-25,LD_H_25_N_3,R2,MajorDiameterMicrons ,EccentricityPercent ,24,159,0.151,39,63,20.36,28.57
HW_PYRO_07-21-25,LD_H_25_N_3,R2,PerimeterMicrons,MinorDiameterMicrons ,24,159,0.151,170,26,98.35,15.37
HW_PYRO_07-21-25,LD_H_25_N_3,R2,CVIntensity,AverageIntensity,24,159,0.151,39,307,16.89,129.05
HW_PYRO_07-21-25,LD_H_25_N_3,R2,StandardDeviationIntensity,SkewnessIntensity,24,159,0.151,136,1,58.05,0.59
HW_PYRO_07-21-25,LD_H_25_N_3,R1,FSC - FSC-H,SSC - SSC-H,45,159,0.283,374503,601864,132015.62,135718.81
HW_PYRO_07-21-25,LD_H_25_N_3,R1,BL3 - BL3-H,N/A,45,159,0.283,21867,N/A,23657.59,N/A
HW_PYRO_07-21-25,LD_H_25_N_3,R2,BL3 - BL3-H,SSC - SSC-H,48,159,0.302,36147,474214,16598.47,212109.11
HW_PYRO_07-21-25,LD_H_30_1,All Events,FSC - FSC-H,SSC - SSC-H,8525,159,53.616,97639,43979,90327.87,90259.22
HW_PYRO_07-21-25,LD_H_30_1,R1,FSC - FSC-H,SSC - SSC-H,100,159,0.629,340511,563474,140936.49,106428.05
HW_PYRO_07-21-25,LD_H_30_1,R2,BL3 - BL3-H,SSC - SSC-H,51,159,0.321,41192,593774,8238.67,97662.32
HW_PYRO_07-21-25,LD_H_30_1,R1,BL3 - BL3-H,SSC - SSC-H,100,159,0.629,21207,563474,21329.87,106428.05
HW_PYRO_07-21-25,LD_H_30_1,R2,CircularityPercent ,AreaSquareMicrons,51,159,0.321,30,859,18.51,382.94
HW_PYRO_07-21-25,LD_H_30_1,R2,MajorDiameterMicrons ,EccentricityPercent ,51,159,0.321,38,62,13.56,24.39
HW_PYRO_07-21-25,LD_H_30_1,R2,PerimeterMicrons,MinorDiameterMicrons ,51,159,0.321,181,26,69.51,10.21
HW_PYRO_07-21-25,LD_H_30_1,R2,CVIntensity,AverageIntensity,51,159,0.321,44,300,16.18,106.35
HW_PYRO_07-21-25,LD_H_30_1,R2,StandardDeviationIntensity,SkewnessIntensity,51,159,0.321,147,1,54.33,0.56
HW_PYRO_07-21-25,LD_H_30_1,R1,FSC - FSC-H,SSC - SSC-H,91,159,0.572,342094,578450,140825.57,99692.6
HW_PYRO_07-21-25,LD_H_30_1,R1,BL3 - BL3-H,N/A,91,159,0.572,22165,N/A,21216.8,N/A
HW_PYRO_07-21-25,LD_H_30_1,R2,BL3 - BL3-H,SSC - SSC-H,110,159,0.692,38762,439607,9889.61,162889.12
HW_PYRO_07-21-25,LD_H_30_2,All Events,FSC - FSC-H,SSC - SSC-H,6277,160,39.231,133423,71004,111484.74,99375.18
HW_PYRO_07-21-25,LD_H_30_2,R1,FSC - FSC-H,SSC - SSC-H,78,160,0.487,390227,534748,112248.14,118996.07
HW_PYRO_07-21-25,LD_H_30_2,R2,BL3 - BL3-H,SSC - SSC-H,39,160,0.244,44131,587342,8799.88,137361.29
HW_PYRO_07-21-25,LD_H_30_2,R1,BL3 - BL3-H,SSC - SSC-H,78,160,0.487,22134,534748,22988.12,118996.07
HW_PYRO_07-21-25,LD_H_30_2,R2,CircularityPercent ,AreaSquareMicrons,39,160,0.244,40,1091,22.88,385.85
HW_PYRO_07-21-25,LD_H_30_2,R2,MajorDiameterMicrons ,EccentricityPercent ,39,160,0.244,45,71,9.45,15.63
HW_PYRO_07-21-25,LD_H_30_2,R2,PerimeterMicrons,MinorDiameterMicrons ,39,160,0.244,194,30,55.42,8.05
HW_PYRO_07-21-25,LD_H_30_2,R2,CVIntensity,AverageIntensity,39,160,0.244,42,346,8.93,69.25
HW_PYRO_07-21-25,LD_H_30_2,R2,StandardDeviationIntensity,SkewnessIntensity,39,160,0.244,149,1,32.51,0.51
HW_PYRO_07-21-25,LD_H_30_2,R1,FSC - FSC-H,SSC - SSC-H,68,160,0.425,395286,552567,113482.69,117292.61
HW_PYRO_07-21-25,LD_H_30_2,R1,BL3 - BL3-H,N/A,68,160,0.425,21090,N/A,23077.55,N/A
HW_PYRO_07-21-25,LD_H_30_2,R2,BL3 - BL3-H,SSC - SSC-H,164,160,1.025,39441,381077,9748.84,142032.43
HW_PYRO_07-21-25,LD_H_30_3,All Events,FSC - FSC-H,SSC - SSC-H,2373,159,14.925,161841,118390,136655.23,166350.46
HW_PYRO_07-21-25,LD_H_30_3,R1,FSC - FSC-H,SSC - SSC-H,191,159,1.201,369939,576302,105908.17,106598.93
HW_PYRO_07-21-25,LD_H_30_3,R2,BL3 - BL3-H,SSC - SSC-H,147,159,0.925,39995,601581,9147.17,103551.96
HW_PYRO_07-21-25,LD_H_30_3,R1,BL3 - BL3-H,SSC - SSC-H,191,159,1.201,30793,576302,18672.07,106598.93
HW_PYRO_07-21-25,LD_H_30_3,R2,CircularityPercent ,AreaSquareMicrons,147,159,0.925,39,1005,19.99,351.48
HW_PYRO_07-21-25,LD_H_30_3,R2,MajorDiameterMicrons ,EccentricityPercent ,147,159,0.925,41,62,9.61,20.96
HW_PYRO_07-21-25,LD_H_30_3,R2,PerimeterMicrons,MinorDiameterMicrons ,147,159,0.925,184,30,54.16,8.97
HW_PYRO_07-21-25,LD_H_30_3,R2,CVIntensity,AverageIntensity,147,159,0.925,42,330,10.2,70.48
HW_PYRO_07-21-25,LD_H_30_3,R2,StandardDeviationIntensity,SkewnessIntensity,147,159,0.925,143,1,36.13,0.36
HW_PYRO_07-21-25,LD_H_30_3,R1,FSC - FSC-H,SSC - SSC-H,185,159,1.164,370840,581519,106839.19,104222.58
HW_PYRO_07-21-25,LD_H_30_3,R1,BL3 - BL3-H,N/A,185,159,1.164,31469,N/A,18407.41,N/A
HW_PYRO_07-21-25,LD_H_30_3,R2,BL3 - BL3-H,SSC - SSC-H,192,159,1.208,39023,531347,10379,159382.54
HW_PYRO_07-21-25,LD_H_30_N_1,All Events,FSC - FSC-H,SSC - SSC-H,5382,159,33.849,89881,39964,89737.14,91650.79
HW_PYRO_07-21-25,LD_H_30_N_1,R1,FSC - FSC-H,SSC - SSC-H,90,159,0.566,335691,551899,104464.98,95264.98
HW_PYRO_07-21-25,LD_H_30_N_1,R2,BL3 - BL3-H,SSC - SSC-H,71,159,0.447,47306,559309,13929.58,93192.3
HW_PYRO_07-21-25,LD_H_30_N_1,R1,BL3 - BL3-H,SSC - SSC-H,90,159,0.566,37340,551899,22977.59,95264.98
HW_PYRO_07-21-25,LD_H_30_N_1,R2,CircularityPercent ,AreaSquareMicrons,71,159,0.447,41,985,20.71,546.79
HW_PYRO_07-21-25,LD_H_30_N_1,R2,MajorDiameterMicrons ,EccentricityPercent ,71,159,0.447,41,66,11.55,20.64
HW_PYRO_07-21-25,LD_H_30_N_1,R2,PerimeterMicrons,MinorDiameterMicrons ,71,159,0.447,176,29,60.49,10.49
HW_PYRO_07-21-25,LD_H_30_N_1,R2,CVIntensity,AverageIntensity,71,159,0.447,49,314,14.79,76.58
HW_PYRO_07-21-25,LD_H_30_N_1,R2,StandardDeviationIntensity,SkewnessIntensity,71,159,0.447,153,1,36.6,0.52
HW_PYRO_07-21-25,LD_H_30_N_1,R1,FSC - FSC-H,SSC - SSC-H,85,159,0.535,338785,560128,106466.63,91552.77
HW_PYRO_07-21-25,LD_H_30_N_1,R1,BL3 - BL3-H,N/A,85,159,0.535,38021,N/A,23098.82,N/A
HW_PYRO_07-21-25,LD_H_30_N_1,R2,BL3 - BL3-H,SSC - SSC-H,106,159,0.667,41032,462871,16472.22,163326.48
HW_PYRO_07-21-25,LD_H_30_N_2,All Events,FSC - FSC-H,SSC - SSC-H,2,16,0.125,39028,14879,15404.32,14574.18
HW_PYRO_07-21-25,LD_H_30_N_2,R1,FSC - FSC-H,SSC - SSC-H,0,16,0,N/A,N/A,N/A,N/A
HW_PYRO_07-21-25,LD_H_30_N_2,R2,BL3 - BL3-H,SSC - SSC-H,0,16,0,N/A,N/A,N/A,N/A
HW_PYRO_07-21-25,LD_H_30_N_2,R1,BL3 - BL3-H,SSC - SSC-H,0,16,0,N/A,N/A,N/A,N/A
HW_PYRO_07-21-25,LD_H_30_N_2,R1,FSC - FSC-H,SSC - SSC-H,0,16,0,N/A,N/A,N/A,N/A
HW_PYRO_07-21-25,LD_H_30_N_2,R1,BL3 - BL3-H,N/A,0,16,0,N/A,N/A,N/A,N/A
HW_PYRO_07-21-25,LD_H_30_N_2,R2,BL3 - BL3-H,SSC - SSC-H,0,16,0,N/A,N/A,N/A,N/A
HW_PYRO_07-21-25,LD_H_30_N_3,All Events,FSC - FSC-H,SSC - SSC-H,0,16,0,N/A,N/A,N/A,N/A
HW_PYRO_07-21-25,LD_H_30_N_3,R1,FSC - FSC-H,SSC - SSC-H,0,16,0,N/A,N/A,N/A,N/A
HW_PYRO_07-21-25,LD_H_30_N_3,R2,BL3 - BL3-H,SSC - SSC-H,0,16,0,N/A,N/A,N/A,N/A
HW_PYRO_07-21-25,LD_H_30_N_3,R1,BL3 - BL3-H,SSC - SSC-H,0,16,0,N/A,N/A,N/A,N/A
HW_PYRO_07-21-25,LD_H_30_N_3,R1,FSC - FSC-H,SSC - SSC-H,0,16,0,N/A,N/A,N/A,N/A
HW_PYRO_07-21-25,LD_H_30_N_3,R1,BL3 - BL3-H,N/A,0,16,0,N/A,N/A,N/A,N/A
HW_PYRO_07-21-25,LD_H_30_N_3,R2,BL3 - BL3-H,SSC - SSC-H,0,16,0,N/A,N/A,N/A,N/A
HW_PYRO_07-21-25,OTB_C_20_1,All Events,FSC - FSC-H,SSC - SSC-H,2700,159,16.981,112385,44671,112969.44,105711.33
HW_PYRO_07-21-25,OTB_C_20_1,R1,FSC - FSC-H,SSC - SSC-H,53,159,0.333,330578,609570,122344.79,120317.71
HW_PYRO_07-21-25,OTB_C_20_1,R2,BL3 - BL3-H,SSC - SSC-H,38,159,0.239,45252,628706,6371.61,105924.66
HW_PYRO_07-21-25,OTB_C_20_1,R1,BL3 - BL3-H,SSC - SSC-H,53,159,0.333,32459,609570,21248.66,120317.71
HW_PYRO_07-21-25,OTB_C_20_1,R2,CircularityPercent ,AreaSquareMicrons,38,159,0.239,29,929,21.1,441.98
HW_PYRO_07-21-25,OTB_C_20_1,R2,MajorDiameterMicrons ,EccentricityPercent ,38,159,0.239,40,68,13.53,23.58
HW_PYRO_07-21-25,OTB_C_20_1,R2,PerimeterMicrons,MinorDiameterMicrons ,38,159,0.239,196,26,75.82,10.92
HW_PYRO_07-21-25,OTB_C_20_1,R2,CVIntensity,AverageIntensity,38,159,0.239,43,325,14.11,99.03
HW_PYRO_07-21-25,OTB_C_20_1,R2,StandardDeviationIntensity,SkewnessIntensity,38,159,0.239,152,1,50.15,0.5
HW_PYRO_07-21-25,OTB_C_20_1,R1,FSC - FSC-H,SSC - SSC-H,49,159,0.308,327009,625932,112671.58,109824.82
HW_PYRO_07-21-25,OTB_C_20_1,R1,BL3 - BL3-H,N/A,49,159,0.308,34177,N/A,20417.05,N/A
HW_PYRO_07-21-25,OTB_C_20_1,R2,BL3 - BL3-H,SSC - SSC-H,50,159,0.314,39594,529096,12306.13,173222.09
HW_PYRO_07-21-25,OTB_C_20_2,All Events,FSC - FSC-H,SSC - SSC-H,4130,159,25.975,96517,32316,104067.92,84573.17
HW_PYRO_07-21-25,OTB_C_20_2,R1,FSC - FSC-H,SSC - SSC-H,49,159,0.308,301742,587789,102333.63,118314.82
HW_PYRO_07-21-25,OTB_C_20_2,R2,BL3 - BL3-H,SSC - SSC-H,34,159,0.214,42654,626206,7017.51,107067.83
HW_PYRO_07-21-25,OTB_C_20_2,R1,BL3 - BL3-H,SSC - SSC-H,49,159,0.308,29690,587789,20567.38,118314.82
HW_PYRO_07-21-25,OTB_C_20_2,R2,CircularityPercent ,AreaSquareMicrons,34,159,0.214,31,1000,18.84,441.7
HW_PYRO_07-21-25,OTB_C_20_2,R2,MajorDiameterMicrons ,EccentricityPercent ,34,159,0.214,43,67,12.56,22.62
HW_PYRO_07-21-25,OTB_C_20_2,R2,PerimeterMicrons,MinorDiameterMicrons ,34,159,0.214,198,28,65.75,10.86
HW_PYRO_07-21-25,OTB_C_20_2,R2,CVIntensity,AverageIntensity,34,159,0.214,41,325,12.55,88.27
HW_PYRO_07-21-25,OTB_C_20_2,R2,StandardDeviationIntensity,SkewnessIntensity,34,159,0.214,143,1,44.73,0.44
HW_PYRO_07-21-25,OTB_C_20_2,R1,FSC - FSC-H,SSC - SSC-H,47,159,0.296,300411,595308,100220.25,114856.12
HW_PYRO_07-21-25,OTB_C_20_2,R1,BL3 - BL3-H,N/A,47,159,0.296,30952,N/A,20038.57,N/A
HW_PYRO_07-21-25,OTB_C_20_2,R2,BL3 - BL3-H,SSC - SSC-H,44,159,0.277,37327,545048,12784.62,184206.53
HW_PYRO_07-21-25,OTB_C_20_3,All Events,FSC - FSC-H,SSC - SSC-H,3323,159,20.899,114072,42441,114877.86,101246
HW_PYRO_07-21-25,OTB_C_20_3,R1,FSC - FSC-H,SSC - SSC-H,59,159,0.371,355287,601748,142579.09,139266.08
HW_PYRO_07-21-25,OTB_C_20_3,R2,BL3 - BL3-H,SSC - SSC-H,34,159,0.214,43556,626666,7979.18,126693.49
HW_PYRO_07-21-25,OTB_C_20_3,R1,BL3 - BL3-H,SSC - SSC-H,59,159,0.371,25126,601748,22497.7,139266.08
HW_PYRO_07-21-25,OTB_C_20_3,R2,CircularityPercent ,AreaSquareMicrons,34,159,0.214,25,885,15.58,384.72
HW_PYRO_07-21-25,OTB_C_20_3,R2,MajorDiameterMicrons ,EccentricityPercent ,34,159,0.214,40,68,13.77,22.66
HW_PYRO_07-21-25,OTB_C_20_3,R2,PerimeterMicrons,MinorDiameterMicrons ,34,159,0.214,204,26,69.3,10.13
HW_PYRO_07-21-25,OTB_C_20_3,R2,CVIntensity,AverageIntensity,34,159,0.214,45,324,13.23,87.99
HW_PYRO_07-21-25,OTB_C_20_3,R2,StandardDeviationIntensity,SkewnessIntensity,34,159,0.214,156,1,46.22,0.48
HW_PYRO_07-21-25,OTB_C_20_3,R1,FSC - FSC-H,SSC - SSC-H,57,159,0.358,357882,608299,144205.21,137109.68
HW_PYRO_07-21-25,OTB_C_20_3,R1,BL3 - BL3-H,N/A,57,159,0.358,24403,N/A,22550.79,N/A
HW_PYRO_07-21-25,OTB_C_20_3,R2,BL3 - BL3-H,SSC - SSC-H,47,159,0.296,38376,527292,12354.86,198934.98
HW_PYRO_07-21-25,OTB_C_20_N_1,All Events,FSC - FSC-H,SSC - SSC-H,2264,159,14.239,120541,34157,122967.75,75672.5
HW_PYRO_07-21-25,OTB_C_20_N_1,R1,FSC - FSC-H,SSC - SSC-H,20,159,0.126,379442,525642,167701.67,95453.21
HW_PYRO_07-21-25,OTB_C_20_N_1,R2,BL3 - BL3-H,SSC - SSC-H,4,159,0.025,37216,531924,6168.65,106992.53
HW_PYRO_07-21-25,OTB_C_20_N_1,R1,BL3 - BL3-H,SSC - SSC-H,20,159,0.126,7625,525642,15383.72,95453.21
HW_PYRO_07-21-25,OTB_C_20_N_1,R2,CircularityPercent ,AreaSquareMicrons,4,159,0.025,38,1117,28.2,525.05
HW_PYRO_07-21-25,OTB_C_20_N_1,R2,MajorDiameterMicrons ,EccentricityPercent ,4,159,0.025,45,71,6.47,14.72
HW_PYRO_07-21-25,OTB_C_20_N_1,R2,PerimeterMicrons,MinorDiameterMicrons ,4,159,0.025,204,31,33.62,10.79
HW_PYRO_07-21-25,OTB_C_20_N_1,R2,CVIntensity,AverageIntensity,4,159,0.025,45,358,7.3,31.14
HW_PYRO_07-21-25,OTB_C_20_N_1,R2,StandardDeviationIntensity,SkewnessIntensity,4,159,0.025,162,1,22.18,0.39
HW_PYRO_07-21-25,OTB_C_20_N_1,R1,FSC - FSC-H,SSC - SSC-H,19,159,0.119,385121,531228,170310,94650.5
HW_PYRO_07-21-25,OTB_C_20_N_1,R1,BL3 - BL3-H,N/A,19,159,0.119,8023,N/A,15699.06,N/A
HW_PYRO_07-21-25,OTB_C_20_N_1,R2,BL3 - BL3-H,SSC - SSC-H,9,159,0.057,37362,394350,8446.29,153286.68
HW_PYRO_07-21-25,OTB_C_20_N_2,All Events,FSC - FSC-H,SSC - SSC-H,20,160,0.125,82885,38253,84392.67,46411.73
HW_PYRO_07-21-25,OTB_C_20_N_2,R1,FSC - FSC-H,SSC - SSC-H,0,160,0,N/A,N/A,N/A,N/A
HW_PYRO_07-21-25,OTB_C_20_N_2,R2,BL3 - BL3-H,SSC - SSC-H,0,160,0,N/A,N/A,N/A,N/A
HW_PYRO_07-21-25,OTB_C_20_N_2,R1,BL3 - BL3-H,SSC - SSC-H,0,160,0,N/A,N/A,N/A,N/A
HW_PYRO_07-21-25,OTB_C_20_N_2,R1,FSC - FSC-H,SSC - SSC-H,0,160,0,N/A,N/A,N/A,N/A
HW_PYRO_07-21-25,OTB_C_20_N_2,R1,BL3 - BL3-H,N/A,0,160,0,N/A,N/A,N/A,N/A
HW_PYRO_07-21-25,OTB_C_20_N_2,R2,BL3 - BL3-H,SSC - SSC-H,0,160,0,N/A,N/A,N/A,N/A
HW_PYRO_07-21-25,OTB_C_20_N_3,All Events,FSC - FSC-H,SSC - SSC-H,132,160,0.825,136327,82122,126464.86,143431.58
HW_PYRO_07-21-25,OTB_C_20_N_3,R1,FSC - FSC-H,SSC - SSC-H,8,160,0.05,364768,547938,81276.93,85319.11
HW_PYRO_07-21-25,OTB_C_20_N_3,R2,BL3 - BL3-H,SSC - SSC-H,4,160,0.025,36891,549838,11147.13,57190.19
HW_PYRO_07-21-25,OTB_C_20_N_3,R1,BL3 - BL3-H,SSC - SSC-H,8,160,0.05,19088,547938,20448.84,85319.11
HW_PYRO_07-21-25,OTB_C_20_N_3,R2,CircularityPercent ,AreaSquareMicrons,4,160,0.025,61,850,13.94,372.78
HW_PYRO_07-21-25,OTB_C_20_N_3,R2,MajorDiameterMicrons ,EccentricityPercent ,4,160,0.025,40,64,7.63,29.09
HW_PYRO_07-21-25,OTB_C_20_N_3,R2,PerimeterMicrons,MinorDiameterMicrons ,4,160,0.025,131,27,20.83,9.78
HW_PYRO_07-21-25,OTB_C_20_N_3,R2,CVIntensity,AverageIntensity,4,160,0.025,46,325,12.31,83.8
HW_PYRO_07-21-25,OTB_C_20_N_3,R2,StandardDeviationIntensity,SkewnessIntensity,4,160,0.025,144,1,26.82,1.06
HW_PYRO_07-21-25,OTB_C_20_N_3,R1,FSC - FSC-H,SSC - SSC-H,8,160,0.05,364768,547938,81276.93,85319.11
HW_PYRO_07-21-25,OTB_C_20_N_3,R1,BL3 - BL3-H,N/A,8,160,0.05,19088,N/A,20448.84,N/A
HW_PYRO_07-21-25,OTB_C_20_N_3,R2,BL3 - BL3-H,SSC - SSC-H,5,160,0.031,33882,471721,11767.66,181560.7
HW_PYRO_07-21-25,OTB_C_25_1,All Events,FSC - FSC-H,SSC - SSC-H,2027,159,12.748,103644,33314,103375.72,88235.65
HW_PYRO_07-21-25,OTB_C_25_1,R1,FSC - FSC-H,SSC - SSC-H,37,159,0.233,344713,550206,117142.31,85186
HW_PYRO_07-21-25,OTB_C_25_1,R2,BL3 - BL3-H,SSC - SSC-H,31,159,0.195,45040,558550,6656.22,87141.43
HW_PYRO_07-21-25,OTB_C_25_1,R1,BL3 - BL3-H,SSC - SSC-H,37,159,0.233,37743,550206,17879.41,85186
HW_PYRO_07-21-25,OTB_C_25_1,R2,CircularityPercent ,AreaSquareMicrons,31,159,0.195,23,820,15.88,463.07
HW_PYRO_07-21-25,OTB_C_25_1,R2,MajorDiameterMicrons ,EccentricityPercent ,31,159,0.195,36,60,14.85,28.53
HW_PYRO_07-21-25,OTB_C_25_1,R2,PerimeterMicrons,MinorDiameterMicrons ,31,159,0.195,195,25,103.43,12.75
HW_PYRO_07-21-25,OTB_C_25_1,R2,CVIntensity,AverageIntensity,31,159,0.195,44,292,21.7,125.36
HW_PYRO_07-21-25,OTB_C_25_1,R2,StandardDeviationIntensity,SkewnessIntensity,31,159,0.195,144,1,63.29,0.59
HW_PYRO_07-21-25,OTB_C_25_1,R1,FSC - FSC-H,SSC - SSC-H,37,159,0.233,344713,550206,117142.31,85186
HW_PYRO_07-21-25,OTB_C_25_1,R1,BL3 - BL3-H,N/A,37,159,0.233,37743,N/A,17879.41,N/A
HW_PYRO_07-21-25,OTB_C_25_1,R2,BL3 - BL3-H,SSC - SSC-H,40,159,0.252,40461,492791,11884.22,150474.99
HW_PYRO_07-21-25,OTB_C_25_2,All Events,FSC - FSC-H,SSC - SSC-H,3395,159,21.352,98379,38592,97336.48,86255.27
HW_PYRO_07-21-25,OTB_C_25_2,R1,FSC - FSC-H,SSC - SSC-H,43,159,0.27,338590,537957,149955.46,114840.08
HW_PYRO_07-21-25,OTB_C_25_2,R2,BL3 - BL3-H,SSC - SSC-H,28,159,0.176,48560,517382,6634.98,95924.4
HW_PYRO_07-21-25,OTB_C_25_2,R1,BL3 - BL3-H,SSC - SSC-H,43,159,0.27,31652,537957,23971.1,114840.08
HW_PYRO_07-21-25,OTB_C_25_2,R2,CircularityPercent ,AreaSquareMicrons,28,159,0.176,28,923,13.58,367.38
HW_PYRO_07-21-25,OTB_C_25_2,R2,MajorDiameterMicrons ,EccentricityPercent ,28,159,0.176,39,69,9.05,13.08
HW_PYRO_07-21-25,OTB_C_25_2,R2,PerimeterMicrons,MinorDiameterMicrons ,28,159,0.176,208,28,62.71,8.95
HW_PYRO_07-21-25,OTB_C_25_2,R2,CVIntensity,AverageIntensity,28,159,0.176,53,325,10.06,47.33
HW_PYRO_07-21-25,OTB_C_25_2,R2,StandardDeviationIntensity,SkewnessIntensity,28,159,0.176,171,1,31.44,0.35
HW_PYRO_07-21-25,OTB_C_25_2,R1,FSC - FSC-H,SSC - SSC-H,39,159,0.245,340972,550748,156915.69,113002.72
HW_PYRO_07-21-25,OTB_C_25_2,R1,BL3 - BL3-H,N/A,39,159,0.245,30721,N/A,23819.19,N/A
HW_PYRO_07-21-25,OTB_C_25_2,R2,BL3 - BL3-H,SSC - SSC-H,43,159,0.27,44358,449314,10212.55,127524.93
HW_PYRO_07-21-25,OTB_C_25_3,All Events,FSC - FSC-H,SSC - SSC-H,3789,159,23.83,90718,35446,93773.49,90930.78
HW_PYRO_07-21-25,OTB_C_25_3,R1,FSC - FSC-H,SSC - SSC-H,82,159,0.516,317146,510405,116844.4,80277.39
HW_PYRO_07-21-25,OTB_C_25_3,R2,BL3 - BL3-H,SSC - SSC-H,59,159,0.371,48497,507580,9432.72,75146.17
HW_PYRO_07-21-25,OTB_C_25_3,R1,BL3 - BL3-H,SSC - SSC-H,82,159,0.516,34927,510405,23280.25,80277.39
HW_PYRO_07-21-25,OTB_C_25_3,R2,CircularityPercent ,AreaSquareMicrons,59,159,0.371,30,861,20.53,487.41
HW_PYRO_07-21-25,OTB_C_25_3,R2,MajorDiameterMicrons ,EccentricityPercent ,59,159,0.371,36,61,15.04,25.51
HW_PYRO_07-21-25,OTB_C_25_3,R2,PerimeterMicrons,MinorDiameterMicrons ,59,159,0.371,181,26,90.99,12.89
HW_PYRO_07-21-25,OTB_C_25_3,R2,CVIntensity,AverageIntensity,59,159,0.371,45,313,18.29,124.59
HW_PYRO_07-21-25,OTB_C_25_3,R2,StandardDeviationIntensity,SkewnessIntensity,59,159,0.371,155,1,58.95,0.54
HW_PYRO_07-21-25,OTB_C_25_3,R1,FSC - FSC-H,SSC - SSC-H,77,159,0.484,316902,516736,116293.82,78751.59
HW_PYRO_07-21-25,OTB_C_25_3,R1,BL3 - BL3-H,N/A,77,159,0.484,36484,N/A,22496.47,N/A
HW_PYRO_07-21-25,OTB_C_25_3,R2,BL3 - BL3-H,SSC - SSC-H,88,159,0.553,45200,440751,10697.93,120604.13
HW_PYRO_07-21-25,OTB_C_25_N_1,All Events,FSC - FSC-H,SSC - SSC-H,845,159,5.314,142965,110926,117408.8,180304.65
HW_PYRO_07-21-25,OTB_C_25_N_1,R1,FSC - FSC-H,SSC - SSC-H,91,159,0.572,325972,569254,83183.9,89340.5
HW_PYRO_07-21-25,OTB_C_25_N_1,R2,BL3 - BL3-H,SSC - SSC-H,84,159,0.528,44409,576999,6362.31,87253.73
HW_PYRO_07-21-25,OTB_C_25_N_1,R1,BL3 - BL3-H,SSC - SSC-H,91,159,0.572,40996,569254,13364.17,89340.5
HW_PYRO_07-21-25,OTB_C_25_N_1,R2,CircularityPercent ,AreaSquareMicrons,84,159,0.528,30,898,19.57,407.1
HW_PYRO_07-21-25,OTB_C_25_N_1,R2,MajorDiameterMicrons ,EccentricityPercent ,84,159,0.528,39,64,13.15,23.92
HW_PYRO_07-21-25,OTB_C_25_N_1,R2,PerimeterMicrons,MinorDiameterMicrons ,84,159,0.528,193,27,76.48,10.33
HW_PYRO_07-21-25,OTB_C_25_N_1,R2,CVIntensity,AverageIntensity,84,159,0.528,46,306,14.79,95.63
HW_PYRO_07-21-25,OTB_C_25_N_1,R2,StandardDeviationIntensity,SkewnessIntensity,84,159,0.528,151,1,50.67,0.49
HW_PYRO_07-21-25,OTB_C_25_N_1,R1,FSC - FSC-H,SSC - SSC-H,90,159,0.566,324402,570927,82284.03,88397.04
HW_PYRO_07-21-25,OTB_C_25_N_1,R1,BL3 - BL3-H,N/A,90,159,0.566,41451,N/A,12710.97,N/A
HW_PYRO_07-21-25,OTB_C_25_N_1,R2,BL3 - BL3-H,SSC - SSC-H,94,159,0.591,43209,546561,8431.43,125510.21
HW_PYRO_07-21-25,OTB_C_25_N_2,All Events,FSC - FSC-H,SSC - SSC-H,1198,159,7.535,125037,90064,112171.62,150934.47
HW_PYRO_07-21-25,OTB_C_25_N_2,R1,FSC - FSC-H,SSC - SSC-H,96,159,0.604,334224,514559,95272.7,87296.23
HW_PYRO_07-21-25,OTB_C_25_N_2,R2,BL3 - BL3-H,SSC - SSC-H,79,159,0.497,48413,504464,7827.07,74941.85
HW_PYRO_07-21-25,OTB_C_25_N_2,R1,BL3 - BL3-H,SSC - SSC-H,96,159,0.604,39898,514559,19769.45,87296.23
HW_PYRO_07-21-25,OTB_C_25_N_2,R2,CircularityPercent ,AreaSquareMicrons,79,159,0.497,30,849,18.83,514.22
HW_PYRO_07-21-25,OTB_C_25_N_2,R2,MajorDiameterMicrons ,EccentricityPercent ,79,159,0.497,37,64,14.3,24.76
HW_PYRO_07-21-25,OTB_C_25_N_2,R2,PerimeterMicrons,MinorDiameterMicrons ,79,159,0.497,181,25,76.41,11.92
HW_PYRO_07-21-25,OTB_C_25_N_2,R2,CVIntensity,AverageIntensity,79,159,0.497,46,312,16.56,107.02
HW_PYRO_07-21-25,OTB_C_25_N_2,R2,StandardDeviationIntensity,SkewnessIntensity,79,159,0.497,155,1,54.32,0.6
HW_PYRO_07-21-25,OTB_C_25_N_2,R1,FSC - FSC-H,SSC - SSC-H,89,159,0.56,337089,522488,97929.63,85752.6
HW_PYRO_07-21-25,OTB_C_25_N_2,R1,BL3 - BL3-H,N/A,89,159,0.56,39279,N/A,20306.72,N/A
HW_PYRO_07-21-25,OTB_C_25_N_2,R2,BL3 - BL3-H,SSC - SSC-H,96,159,0.604,47786,474175,8827.95,98226.75
HW_PYRO_07-21-25,OTB_C_25_N_3,All Events,FSC - FSC-H,SSC - SSC-H,2428,160,15.175,112675,66573,102058.85,130555.72
HW_PYRO_07-21-25,OTB_C_25_N_3,R1,FSC - FSC-H,SSC - SSC-H,120,160,0.75,334754,533470,125282.23,86292.67
HW_PYRO_07-21-25,OTB_C_25_N_3,R2,BL3 - BL3-H,SSC - SSC-H,94,160,0.588,49171,534225,8483.39,85743.53
HW_PYRO_07-21-25,OTB_C_25_N_3,R1,BL3 - BL3-H,SSC - SSC-H,120,160,0.75,38572,533470,21585.04,86292.67
HW_PYRO_07-21-25,OTB_C_25_N_3,R2,CircularityPercent ,AreaSquareMicrons,94,160,0.588,27,889,15.66,391.2
HW_PYRO_07-21-25,OTB_C_25_N_3,R2,MajorDiameterMicrons ,EccentricityPercent ,94,160,0.588,39,67,10.79,19.44
HW_PYRO_07-21-25,OTB_C_25_N_3,R2,PerimeterMicrons,MinorDiameterMicrons ,94,160,0.588,203,27,67.41,9.37
HW_PYRO_07-21-25,OTB_C_25_N_3,R2,CVIntensity,AverageIntensity,94,160,0.588,49,322,13.03,84.18
HW_PYRO_07-21-25,OTB_C_25_N_3,R2,StandardDeviationIntensity,SkewnessIntensity,94,160,0.588,163,1,43.13,0.51
HW_PYRO_07-21-25,OTB_C_25_N_3,R1,FSC - FSC-H,SSC - SSC-H,115,160,0.719,336773,538782,127391.06,84200.48
HW_PYRO_07-21-25,OTB_C_25_N_3,R1,BL3 - BL3-H,N/A,115,160,0.719,38525,N/A,21616.91,N/A
HW_PYRO_07-21-25,OTB_C_25_N_3,R2,BL3 - BL3-H,SSC - SSC-H,121,160,0.756,47851,485576,9604.78,120545.25
HW_PYRO_07-21-25,OTB_C_30_1,All Events,FSC - FSC-H,SSC - SSC-H,5386,160,33.663,101129,40371,107243.06,89800.48
HW_PYRO_07-21-25,OTB_C_30_1,R1,FSC - FSC-H,SSC - SSC-H,69,160,0.431,366505,564258,133455.41,107372.32
HW_PYRO_07-21-25,OTB_C_30_1,R2,BL3 - BL3-H,SSC - SSC-H,39,160,0.244,45361,571629,8455.94,91437.14
HW_PYRO_07-21-25,OTB_C_30_1,R1,BL3 - BL3-H,SSC - SSC-H,69,160,0.431,25927,564258,23222.24,107372.32
HW_PYRO_07-21-25,OTB_C_30_1,R2,CircularityPercent ,AreaSquareMicrons,39,160,0.244,28,762,21.18,505.03
HW_PYRO_07-21-25,OTB_C_30_1,R2,MajorDiameterMicrons ,EccentricityPercent ,39,160,0.244,33,59,17.41,30.6
HW_PYRO_07-21-25,OTB_C_30_1,R2,PerimeterMicrons,MinorDiameterMicrons ,39,160,0.244,160,23,92.39,13.54
HW_PYRO_07-21-25,OTB_C_30_1,R2,CVIntensity,AverageIntensity,39,160,0.244,37,287,19.88,144.92
HW_PYRO_07-21-25,OTB_C_30_1,R2,StandardDeviationIntensity,SkewnessIntensity,39,160,0.244,127,1,66.53,0.64
HW_PYRO_07-21-25,OTB_C_30_1,R1,FSC - FSC-H,SSC - SSC-H,64,160,0.4,367233,576000,136700.1,102515.36
HW_PYRO_07-21-25,OTB_C_30_1,R1,BL3 - BL3-H,N/A,64,160,0.4,25888,N/A,23224.99,N/A
HW_PYRO_07-21-25,OTB_C_30_1,R2,BL3 - BL3-H,SSC - SSC-H,71,160,0.444,40690,434166,10229.86,173536.63
HW_PYRO_07-21-25,OTB_C_30_2,All Events,FSC - FSC-H,SSC - SSC-H,0,7,0,N/A,N/A,N/A,N/A
HW_PYRO_07-21-25,OTB_C_30_2,R1,FSC - FSC-H,SSC - SSC-H,0,7,0,N/A,N/A,N/A,N/A
HW_PYRO_07-21-25,OTB_C_30_2,R2,BL3 - BL3-H,SSC - SSC-H,0,7,0,N/A,N/A,N/A,N/A
HW_PYRO_07-21-25,OTB_C_30_2,R1,BL3 - BL3-H,SSC - SSC-H,0,7,0,N/A,N/A,N/A,N/A
HW_PYRO_07-21-25,OTB_C_30_2,R1,FSC - FSC-H,SSC - SSC-H,0,7,0,N/A,N/A,N/A,N/A
HW_PYRO_07-21-25,OTB_C_30_2,R1,BL3 - BL3-H,N/A,0,7,0,N/A,N/A,N/A,N/A
HW_PYRO_07-21-25,OTB_C_30_2,R2,BL3 - BL3-H,SSC - SSC-H,0,7,0,N/A,N/A,N/A,N/A
HW_PYRO_07-21-25,OTB_C_30_3,All Events,FSC - FSC-H,SSC - SSC-H,8708,160,54.425,94035,36977,95402.73,88068.46
HW_PYRO_07-21-25,OTB_C_30_3,R1,FSC - FSC-H,SSC - SSC-H,110,160,0.688,357102,591033,94521.72,108865.76
HW_PYRO_07-21-25,OTB_C_30_3,R2,BL3 - BL3-H,SSC - SSC-H,78,160,0.487,45153,631482,8907.35,92861.81
HW_PYRO_07-21-25,OTB_C_30_3,R1,BL3 - BL3-H,SSC - SSC-H,110,160,0.688,32086,591033,21821.2,108865.76
HW_PYRO_07-21-25,OTB_C_30_3,R2,CircularityPercent ,AreaSquareMicrons,78,160,0.487,31,950,17.74,412.22
HW_PYRO_07-21-25,OTB_C_30_3,R2,MajorDiameterMicrons ,EccentricityPercent ,78,160,0.487,40,65,11.37,20.58
HW_PYRO_07-21-25,OTB_C_30_3,R2,PerimeterMicrons,MinorDiameterMicrons ,78,160,0.487,196,28,66.14,10.29
HW_PYRO_07-21-25,OTB_C_30_3,R2,CVIntensity,AverageIntensity,78,160,0.487,42,334,11.69,84.77
HW_PYRO_07-21-25,OTB_C_30_3,R2,StandardDeviationIntensity,SkewnessIntensity,78,160,0.487,148,1,39.82,0.48
HW_PYRO_07-21-25,OTB_C_30_3,R1,FSC - FSC-H,SSC - SSC-H,107,160,0.669,356291,595999,95509.48,106178.08
HW_PYRO_07-21-25,OTB_C_30_3,R1,BL3 - BL3-H,N/A,107,160,0.669,32984,N/A,21442.1,N/A
HW_PYRO_07-21-25,OTB_C_30_3,R2,BL3 - BL3-H,SSC - SSC-H,131,160,0.819,39564,490189,12051.06,190932.75
HW_PYRO_07-21-25,OTB_C_30_N_1,All Events,FSC - FSC-H,SSC - SSC-H,2291,160,14.319,89378,47233,87635.37,96851.2
HW_PYRO_07-21-25,OTB_C_30_N_1,R1,FSC - FSC-H,SSC - SSC-H,44,160,0.275,367901,549610,133807.44,96748.15
HW_PYRO_07-21-25,OTB_C_30_N_1,R2,BL3 - BL3-H,SSC - SSC-H,28,160,0.175,46576,560271,7114.51,88415.64
HW_PYRO_07-21-25,OTB_C_30_N_1,R1,BL3 - BL3-H,SSC - SSC-H,44,160,0.275,29659,549610,23329.35,96748.15
HW_PYRO_07-21-25,OTB_C_30_N_1,R2,CircularityPercent ,AreaSquareMicrons,28,160,0.175,36,1003,25.83,394.88
HW_PYRO_07-21-25,OTB_C_30_N_1,R2,MajorDiameterMicrons ,EccentricityPercent ,28,160,0.175,42,66,9.96,21.13
HW_PYRO_07-21-25,OTB_C_30_N_1,R2,PerimeterMicrons,MinorDiameterMicrons ,28,160,0.175,198,29,59.24,9.78
HW_PYRO_07-21-25,OTB_C_30_N_1,R2,CVIntensity,AverageIntensity,28,160,0.175,45,317,11.51,70.62
HW_PYRO_07-21-25,OTB_C_30_N_1,R2,StandardDeviationIntensity,SkewnessIntensity,28,160,0.175,148,1,38.06,0.56
HW_PYRO_07-21-25,OTB_C_30_N_1,R1,FSC - FSC-H,SSC - SSC-H,43,160,0.269,370046,552764,134623.09,95577.25
HW_PYRO_07-21-25,OTB_C_30_N_1,R1,BL3 - BL3-H,N/A,43,160,0.269,30348,N/A,23147.68,N/A
HW_PYRO_07-21-25,OTB_C_30_N_1,R2,BL3 - BL3-H,SSC - SSC-H,42,160,0.263,42285,476860,10410,144729.46
HW_PYRO_07-21-25,OTB_C_30_N_2,All Events,FSC - FSC-H,SSC - SSC-H,2237,159,14.069,101368,49683,92876.22,96845.2
HW_PYRO_07-21-25,OTB_C_30_N_2,R1,FSC - FSC-H,SSC - SSC-H,39,159,0.245,325532,535376,115423.18,96087.86
HW_PYRO_07-21-25,OTB_C_30_N_2,R2,BL3 - BL3-H,SSC - SSC-H,29,159,0.182,47353,538242,5745.91,96350.81
HW_PYRO_07-21-25,OTB_C_30_N_2,R1,BL3 - BL3-H,SSC - SSC-H,39,159,0.245,35223,535376,21501.05,96087.86
HW_PYRO_07-21-25,OTB_C_30_N_2,R2,CircularityPercent ,AreaSquareMicrons,29,159,0.182,25,756,17.65,381.83
HW_PYRO_07-21-25,OTB_C_30_N_2,R2,MajorDiameterMicrons ,EccentricityPercent ,29,159,0.182,35,62,14.64,28.04
HW_PYRO_07-21-25,OTB_C_30_N_2,R2,PerimeterMicrons,MinorDiameterMicrons ,29,159,0.182,176,24,80.16,11.17
HW_PYRO_07-21-25,OTB_C_30_N_2,R2,CVIntensity,AverageIntensity,29,159,0.182,41,277,17.44,115.18
HW_PYRO_07-21-25,OTB_C_30_N_2,R2,StandardDeviationIntensity,SkewnessIntensity,29,159,0.182,133,1,57.43,0.61
HW_PYRO_07-21-25,OTB_C_30_N_2,R1,FSC - FSC-H,SSC - SSC-H,35,159,0.22,329239,549523,120634.11,91158.83
HW_PYRO_07-21-25,OTB_C_30_N_2,R1,BL3 - BL3-H,N/A,35,159,0.22,36823,N/A,20929.79,N/A
HW_PYRO_07-21-25,OTB_C_30_N_2,R2,BL3 - BL3-H,SSC - SSC-H,51,159,0.321,41657,431750,11968.32,151034.37
HW_PYRO_07-21-25,OTB_C_30_N_3,All Events,FSC - FSC-H,SSC - SSC-H,5141,159,32.333,99673,35990,91497.48,78370.02
HW_PYRO_07-21-25,OTB_C_30_N_3,R1,FSC - FSC-H,SSC - SSC-H,41,159,0.258,326722,582047,113892.43,112007.32
HW_PYRO_07-21-25,OTB_C_30_N_3,R2,BL3 - BL3-H,SSC - SSC-H,29,159,0.182,42409,611211,5979.26,114663.32
HW_PYRO_07-21-25,OTB_C_30_N_3,R1,BL3 - BL3-H,SSC - SSC-H,41,159,0.258,30026,582047,20121.03,112007.32
HW_PYRO_07-21-25,OTB_C_30_N_3,R2,CircularityPercent ,AreaSquareMicrons,29,159,0.182,25,772,12.25,387.98
HW_PYRO_07-21-25,OTB_C_30_N_3,R2,MajorDiameterMicrons ,EccentricityPercent ,29,159,0.182,36,65,14.6,24.56
HW_PYRO_07-21-25,OTB_C_30_N_3,R2,PerimeterMicrons,MinorDiameterMicrons ,29,159,0.182,180,24,76.92,10.18
HW_PYRO_07-21-25,OTB_C_30_N_3,R2,CVIntensity,AverageIntensity,29,159,0.182,43,297,16.13,111.02
HW_PYRO_07-21-25,OTB_C_30_N_3,R2,StandardDeviationIntensity,SkewnessIntensity,29,159,0.182,143,1,57.32,0.57
HW_PYRO_07-21-25,OTB_C_30_N_3,R1,FSC - FSC-H,SSC - SSC-H,39,159,0.245,322768,590609,114089.86,107997.39
HW_PYRO_07-21-25,OTB_C_30_N_3,R1,BL3 - BL3-H,N/A,39,159,0.245,29807,N/A,20480.89,N/A
HW_PYRO_07-21-25,OTB_C_30_N_3,R2,BL3 - BL3-H,SSC - SSC-H,52,159,0.327,33239,465248,12857.89,191733.32
HW_PYRO_07-21-25,OTB_H_20_1,All Events,FSC - FSC-H,SSC - SSC-H,2419,160,15.119,107372,32596,113569.2,77282.83
HW_PYRO_07-21-25,OTB_H_20_1,R1,FSC - FSC-H,SSC - SSC-H,21,160,0.131,349573,539934,182988.45,132175.32
HW_PYRO_07-21-25,OTB_H_20_1,R2,BL3 - BL3-H,SSC - SSC-H,6,160,0.037,41937,553640,6784.21,103493.06
HW_PYRO_07-21-25,OTB_H_20_1,R1,BL3 - BL3-H,SSC - SSC-H,21,160,0.131,12012,539934,19687.73,132175.32
HW_PYRO_07-21-25,OTB_H_20_1,R2,CircularityPercent ,AreaSquareMicrons,6,160,0.037,43,1192,24.32,586.59
HW_PYRO_07-21-25,OTB_H_20_1,R2,MajorDiameterMicrons ,EccentricityPercent ,6,160,0.037,44,61,11.11,27
HW_PYRO_07-21-25,OTB_H_20_1,R2,PerimeterMicrons,MinorDiameterMicrons ,6,160,0.037,186,33,56.65,13.73
HW_PYRO_07-21-25,OTB_H_20_1,R2,CVIntensity,AverageIntensity,6,160,0.037,46,362,10.09,49.39
HW_PYRO_07-21-25,OTB_H_20_1,R2,StandardDeviationIntensity,SkewnessIntensity,6,160,0.037,162,1,19.58,0.69
HW_PYRO_07-21-25,OTB_H_20_1,R1,FSC - FSC-H,SSC - SSC-H,18,160,0.113,347656,560409,194572.41,132079.72
HW_PYRO_07-21-25,OTB_H_20_1,R1,BL3 - BL3-H,N/A,18,160,0.113,14007,N/A,20652.16,N/A
HW_PYRO_07-21-25,OTB_H_20_1,R2,BL3 - BL3-H,SSC - SSC-H,9,160,0.056,41034,480998,7117.25,139529.76
HW_PYRO_07-21-25,OTB_H_20_2,All Events,FSC - FSC-H,SSC - SSC-H,0,8,0,N/A,N/A,N/A,N/A
HW_PYRO_07-21-25,OTB_H_20_2,R1,FSC - FSC-H,SSC - SSC-H,0,8,0,N/A,N/A,N/A,N/A
HW_PYRO_07-21-25,OTB_H_20_2,R2,BL3 - BL3-H,SSC - SSC-H,0,8,0,N/A,N/A,N/A,N/A
HW_PYRO_07-21-25,OTB_H_20_2,R1,BL3 - BL3-H,SSC - SSC-H,0,8,0,N/A,N/A,N/A,N/A
HW_PYRO_07-21-25,OTB_H_20_2,R1,FSC - FSC-H,SSC - SSC-H,0,8,0,N/A,N/A,N/A,N/A
HW_PYRO_07-21-25,OTB_H_20_2,R1,BL3 - BL3-H,N/A,0,8,0,N/A,N/A,N/A,N/A
HW_PYRO_07-21-25,OTB_H_20_2,R2,BL3 - BL3-H,SSC - SSC-H,0,8,0,N/A,N/A,N/A,N/A
HW_PYRO_07-21-25,OTB_H_20_3,All Events,FSC - FSC-H,SSC - SSC-H,1215,159,7.642,121580,37519,129705.72,89606.59
HW_PYRO_07-21-25,OTB_H_20_3,R1,FSC - FSC-H,SSC - SSC-H,20,159,0.126,309091,541709,169598.82,130531.42
HW_PYRO_07-21-25,OTB_H_20_3,R2,BL3 - BL3-H,SSC - SSC-H,8,159,0.05,40409,593359,13378.35,124576.9
HW_PYRO_07-21-25,OTB_H_20_3,R1,BL3 - BL3-H,SSC - SSC-H,20,159,0.126,16192,541709,21851.91,130531.42
HW_PYRO_07-21-25,OTB_H_20_3,R2,CircularityPercent ,AreaSquareMicrons,8,159,0.05,28,851,11.96,280.13
HW_PYRO_07-21-25,OTB_H_20_3,R2,MajorDiameterMicrons ,EccentricityPercent ,8,159,0.05,46,84,7.32,8.94
HW_PYRO_07-21-25,OTB_H_20_3,R2,PerimeterMicrons,MinorDiameterMicrons ,8,159,0.05,204,24,53.47,7.16
HW_PYRO_07-21-25,OTB_H_20_3,R2,CVIntensity,AverageIntensity,8,159,0.05,45,354,7.19,61.5
HW_PYRO_07-21-25,OTB_H_20_3,R2,StandardDeviationIntensity,SkewnessIntensity,8,159,0.05,158,1,22.44,0.47
HW_PYRO_07-21-25,OTB_H_20_3,R1,FSC - FSC-H,SSC - SSC-H,19,159,0.119,306196,548648,173737.95,130263.04
HW_PYRO_07-21-25,OTB_H_20_3,R1,BL3 - BL3-H,N/A,19,159,0.119,17042,N/A,22108.38,N/A
HW_PYRO_07-21-25,OTB_H_20_3,R2,BL3 - BL3-H,SSC - SSC-H,8,159,0.05,40409,593359,13378.35,124576.9
HW_PYRO_07-21-25,OTB_H_20_N_1,All Events,FSC - FSC-H,SSC - SSC-H,118,160,0.738,200628,181023,159238.39,233829.58
HW_PYRO_07-21-25,OTB_H_20_N_1,R1,FSC - FSC-H,SSC - SSC-H,19,160,0.119,357901,652742,108934.83,129470.53
HW_PYRO_07-21-25,OTB_H_20_N_1,R2,BL3 - BL3-H,SSC - SSC-H,12,160,0.075,44027,689629,3306.97,104318.46
HW_PYRO_07-21-25,OTB_H_20_N_1,R1,BL3 - BL3-H,SSC - SSC-H,19,160,0.119,27823,652742,21950.43,129470.53
HW_PYRO_07-21-25,OTB_H_20_N_1,R2,CircularityPercent ,AreaSquareMicrons,12,160,0.075,27,1055,12.07,321.93
HW_PYRO_07-21-25,OTB_H_20_N_1,R2,MajorDiameterMicrons ,EccentricityPercent ,12,160,0.075,44,71,4.49,9.8
HW_PYRO_07-21-25,OTB_H_20_N_1,R2,PerimeterMicrons,MinorDiameterMicrons ,12,160,0.075,227,30,51.44,6.9
HW_PYRO_07-21-25,OTB_H_20_N_1,R2,CVIntensity,AverageIntensity,12,160,0.075,45,360,6.63,28.5
HW_PYRO_07-21-25,OTB_H_20_N_1,R2,StandardDeviationIntensity,SkewnessIntensity,12,160,0.075,162,1,28.51,0.27
HW_PYRO_07-21-25,OTB_H_20_N_1,R1,FSC - FSC-H,SSC - SSC-H,18,160,0.113,351235,665897,108032.38,119444.03
HW_PYRO_07-21-25,OTB_H_20_N_1,R1,BL3 - BL3-H,N/A,18,160,0.113,29366,N/A,21500.65,N/A
HW_PYRO_07-21-25,OTB_H_20_N_1,R2,BL3 - BL3-H,SSC - SSC-H,13,160,0.081,43056,660351,4719.31,145323.75
HW_PYRO_07-21-25,OTB_H_20_N_2,All Events,FSC - FSC-H,SSC - SSC-H,1904,159,11.975,124360,46501,121021.36,99590.06
HW_PYRO_07-21-25,OTB_H_20_N_2,R1,FSC - FSC-H,SSC - SSC-H,28,159,0.176,414128,556171,134228.28,101797.15
HW_PYRO_07-21-25,OTB_H_20_N_2,R2,BL3 - BL3-H,SSC - SSC-H,7,159,0.044,42628,593586,15696.91,78363.24
HW_PYRO_07-21-25,OTB_H_20_N_2,R1,BL3 - BL3-H,SSC - SSC-H,28,159,0.176,10745,556171,20154.13,101797.15
HW_PYRO_07-21-25,OTB_H_20_N_2,R2,CircularityPercent ,AreaSquareMicrons,7,159,0.044,23,830,5.3,286.94
HW_PYRO_07-21-25,OTB_H_20_N_2,R2,MajorDiameterMicrons ,EccentricityPercent ,7,159,0.044,45,84,3.77,9.16
HW_PYRO_07-21-25,OTB_H_20_N_2,R2,PerimeterMicrons,MinorDiameterMicrons ,7,159,0.044,215,23,43.37,6.95
HW_PYRO_07-21-25,OTB_H_20_N_2,R2,CVIntensity,AverageIntensity,7,159,0.044,46,367,6.83,40.25
HW_PYRO_07-21-25,OTB_H_20_N_2,R2,StandardDeviationIntensity,SkewnessIntensity,7,159,0.044,171,1,34.15,0.66
HW_PYRO_07-21-25,OTB_H_20_N_2,R1,FSC - FSC-H,SSC - SSC-H,28,159,0.176,414128,556171,134228.28,101797.15
HW_PYRO_07-21-25,OTB_H_20_N_2,R1,BL3 - BL3-H,N/A,28,159,0.176,10745,N/A,20154.13,N/A
HW_PYRO_07-21-25,OTB_H_20_N_2,R2,BL3 - BL3-H,SSC - SSC-H,16,159,0.101,36680,433584,14123.07,160737.48
HW_PYRO_07-21-25,OTB_H_20_N_3,All Events,FSC - FSC-H,SSC - SSC-H,2306,159,14.503,106471,33817,111466.46,81818.75
HW_PYRO_07-21-25,OTB_H_20_N_3,R1,FSC - FSC-H,SSC - SSC-H,20,159,0.126,348792,623497,181360.54,148718.16
HW_PYRO_07-21-25,OTB_H_20_N_3,R2,BL3 - BL3-H,SSC - SSC-H,12,159,0.075,43888,688162,7009.24,137032.21
HW_PYRO_07-21-25,OTB_H_20_N_3,R1,BL3 - BL3-H,SSC - SSC-H,20,159,0.126,26352,623497,22670.95,148718.16
HW_PYRO_07-21-25,OTB_H_20_N_3,R2,CircularityPercent ,AreaSquareMicrons,12,159,0.075,31,958,18.59,615.69
HW_PYRO_07-21-25,OTB_H_20_N_3,R2,MajorDiameterMicrons ,EccentricityPercent ,12,159,0.075,39,65,16.34,28.54
HW_PYRO_07-21-25,OTB_H_20_N_3,R2,PerimeterMicrons,MinorDiameterMicrons ,12,159,0.075,177,26,78.66,14.97
HW_PYRO_07-21-25,OTB_H_20_N_3,R2,CVIntensity,AverageIntensity,12,159,0.075,45,316,17.14,106.63
HW_PYRO_07-21-25,OTB_H_20_N_3,R2,StandardDeviationIntensity,SkewnessIntensity,12,159,0.075,154,1,58.51,0.76
HW_PYRO_07-21-25,OTB_H_20_N_3,R1,FSC - FSC-H,SSC - SSC-H,19,159,0.119,344216,634298,185140.34,144508.96
HW_PYRO_07-21-25,OTB_H_20_N_3,R1,BL3 - BL3-H,N/A,19,159,0.119,27737,N/A,22405.34,N/A
HW_PYRO_07-21-25,OTB_H_20_N_3,R2,BL3 - BL3-H,SSC - SSC-H,18,159,0.113,39648,550529,12783.34,233755.84
HW_PYRO_07-21-25,OTB_H_25_1,All Events,FSC - FSC-H,SSC - SSC-H,2146,160,13.412,110817,52662,98929.36,99646.46
HW_PYRO_07-21-25,OTB_H_25_1,R1,FSC - FSC-H,SSC - SSC-H,41,160,0.256,355535,528255,132067.87,87336.3
HW_PYRO_07-21-25,OTB_H_25_1,R2,BL3 - BL3-H,SSC - SSC-H,26,160,0.163,45557,543695,8861.9,88214.5
HW_PYRO_07-21-25,OTB_H_25_1,R1,BL3 - BL3-H,SSC - SSC-H,41,160,0.256,28923,528255,23252.35,87336.3
HW_PYRO_07-21-25,OTB_H_25_1,R2,CircularityPercent ,AreaSquareMicrons,26,160,0.163,25,708,23.7,445.81
HW_PYRO_07-21-25,OTB_H_25_1,R2,MajorDiameterMicrons ,EccentricityPercent ,26,160,0.163,31,51,17.8,31.87
HW_PYRO_07-21-25,OTB_H_25_1,R2,PerimeterMicrons,MinorDiameterMicrons ,26,160,0.163,158,22,97.3,13.14
HW_PYRO_07-21-25,OTB_H_25_1,R2,CVIntensity,AverageIntensity,26,160,0.163,40,243,23.29,140.37
HW_PYRO_07-21-25,OTB_H_25_1,R2,StandardDeviationIntensity,SkewnessIntensity,26,160,0.163,125,1,72.04,0.69
HW_PYRO_07-21-25,OTB_H_25_1,R1,FSC - FSC-H,SSC - SSC-H,40,160,0.25,351024,530970,130513.1,86678.1
HW_PYRO_07-21-25,OTB_H_25_1,R1,BL3 - BL3-H,N/A,40,160,0.25,29645,N/A,23078.37,N/A
HW_PYRO_07-21-25,OTB_H_25_1,R2,BL3 - BL3-H,SSC - SSC-H,61,160,0.381,45107,374084,8603.24,162383.1
HW_PYRO_07-21-25,OTB_H_25_2,All Events,FSC - FSC-H,SSC - SSC-H,5345,159,33.616,95502,31862,85257.4,80845.17
HW_PYRO_07-21-25,OTB_H_25_2,R1,FSC - FSC-H,SSC - SSC-H,64,159,0.403,355823,597562,115876.72,117089.85
HW_PYRO_07-21-25,OTB_H_25_2,R2,BL3 - BL3-H,SSC - SSC-H,47,159,0.296,45039,620949,6712.42,116988.54
HW_PYRO_07-21-25,OTB_H_25_2,R1,BL3 - BL3-H,SSC - SSC-H,64,159,0.403,33302,597562,20521.95,117089.85
HW_PYRO_07-21-25,OTB_H_25_2,R2,CircularityPercent ,AreaSquareMicrons,47,159,0.296,27,812,18.93,462.48
HW_PYRO_07-21-25,OTB_H_25_2,R2,MajorDiameterMicrons ,EccentricityPercent ,47,159,0.296,37,63,15.87,27.82
HW_PYRO_07-21-25,OTB_H_25_2,R2,PerimeterMicrons,MinorDiameterMicrons ,47,159,0.296,180,24,88.75,11.97
HW_PYRO_07-21-25,OTB_H_25_2,R2,CVIntensity,AverageIntensity,47,159,0.296,42,305,17.41,125.36
HW_PYRO_07-21-25,OTB_H_25_2,R2,StandardDeviationIntensity,SkewnessIntensity,47,159,0.296,147,1,60.02,0.52
HW_PYRO_07-21-25,OTB_H_25_2,R1,FSC - FSC-H,SSC - SSC-H,64,159,0.403,355823,597562,115876.72,117089.85
HW_PYRO_07-21-25,OTB_H_25_2,R1,BL3 - BL3-H,N/A,64,159,0.403,33302,N/A,20521.95,N/A
HW_PYRO_07-21-25,OTB_H_25_2,R2,BL3 - BL3-H,SSC - SSC-H,70,159,0.44,41051,518489,10171.77,180140.96
HW_PYRO_07-21-25,OTB_H_25_3,All Events,FSC - FSC-H,SSC - SSC-H,1393,159,8.761,101765,29634,110979.87,84500.79
HW_PYRO_07-21-25,OTB_H_25_3,R1,FSC - FSC-H,SSC - SSC-H,23,159,0.145,340013,569512,148845.15,111894.32
HW_PYRO_07-21-25,OTB_H_25_3,R2,BL3 - BL3-H,SSC - SSC-H,15,159,0.094,41545,594770,9971.07,94322.66
HW_PYRO_07-21-25,OTB_H_25_3,R1,BL3 - BL3-H,SSC - SSC-H,23,159,0.145,27112,569512,21717.51,111894.32
HW_PYRO_07-21-25,OTB_H_25_3,R2,CircularityPercent ,AreaSquareMicrons,15,159,0.094,22,739,13.85,410.53
HW_PYRO_07-21-25,OTB_H_25_3,R2,MajorDiameterMicrons ,EccentricityPercent ,15,159,0.094,34,58,17.97,30.9
HW_PYRO_07-21-25,OTB_H_25_3,R2,PerimeterMicrons,MinorDiameterMicrons ,15,159,0.094,168,22,90.99,12.19
HW_PYRO_07-21-25,OTB_H_25_3,R2,CVIntensity,AverageIntensity,15,159,0.094,40,261,21.48,137.08
HW_PYRO_07-21-25,OTB_H_25_3,R2,StandardDeviationIntensity,SkewnessIntensity,15,159,0.094,131,1,70.02,0.69
HW_PYRO_07-21-25,OTB_H_25_3,R1,FSC - FSC-H,SSC - SSC-H,20,159,0.126,329038,592819,151839.47,100551.87
HW_PYRO_07-21-25,OTB_H_25_3,R1,BL3 - BL3-H,N/A,20,159,0.126,29000,N/A,21239.03,N/A
HW_PYRO_07-21-25,OTB_H_25_3,R2,BL3 - BL3-H,SSC - SSC-H,17,159,0.107,40224,552957,11206.05,147647.62
HW_PYRO_07-21-25,OTB_H_25_N_1,All Events,FSC - FSC-H,SSC - SSC-H,2277,160,14.231,104466,34411,102434.76,78201.66
HW_PYRO_07-21-25,OTB_H_25_N_1,R1,FSC - FSC-H,SSC - SSC-H,15,160,0.094,282365,645590,157243.46,197055.65
HW_PYRO_07-21-25,OTB_H_25_N_1,R2,BL3 - BL3-H,SSC - SSC-H,5,160,0.031,39580,687969,15359.43,115683.22
HW_PYRO_07-21-25,OTB_H_25_N_1,R1,BL3 - BL3-H,SSC - SSC-H,15,160,0.094,13225,645590,20964.29,197055.65
HW_PYRO_07-21-25,OTB_H_25_N_1,R2,CircularityPercent ,AreaSquareMicrons,5,160,0.031,34,439,22.19,507.45
HW_PYRO_07-21-25,OTB_H_25_N_1,R2,MajorDiameterMicrons ,EccentricityPercent ,5,160,0.031,32,73,24.65,40.78
HW_PYRO_07-21-25,OTB_H_25_N_1,R2,PerimeterMicrons,MinorDiameterMicrons ,5,160,0.031,103,12,92.73,8.78
HW_PYRO_07-21-25,OTB_H_25_N_1,R2,CVIntensity,AverageIntensity,5,160,0.031,39,264,23.03,154.52
HW_PYRO_07-21-25,OTB_H_25_N_1,R2,StandardDeviationIntensity,SkewnessIntensity,5,160,0.031,127,1,71.86,0.47
HW_PYRO_07-21-25,OTB_H_25_N_1,R1,FSC - FSC-H,SSC - SSC-H,15,160,0.094,282365,645590,157243.46,197055.65
HW_PYRO_07-21-25,OTB_H_25_N_1,R1,BL3 - BL3-H,N/A,15,160,0.094,13225,N/A,20964.29,N/A
HW_PYRO_07-21-25,OTB_H_25_N_1,R2,BL3 - BL3-H,SSC - SSC-H,9,160,0.056,36759,525916,13154.14,209844.36
HW_PYRO_07-21-25,OTB_H_25_N_2,All Events,FSC - FSC-H,SSC - SSC-H,0,5,0,N/A,N/A,N/A,N/A
HW_PYRO_07-21-25,OTB_H_25_N_2,R1,FSC - FSC-H,SSC - SSC-H,0,5,0,N/A,N/A,N/A,N/A
HW_PYRO_07-21-25,OTB_H_25_N_2,R2,BL3 - BL3-H,SSC - SSC-H,0,5,0,N/A,N/A,N/A,N/A
HW_PYRO_07-21-25,OTB_H_25_N_2,R1,BL3 - BL3-H,SSC - SSC-H,0,5,0,N/A,N/A,N/A,N/A
HW_PYRO_07-21-25,OTB_H_25_N_2,R1,FSC - FSC-H,SSC - SSC-H,0,5,0,N/A,N/A,N/A,N/A
HW_PYRO_07-21-25,OTB_H_25_N_2,R1,BL3 - BL3-H,N/A,0,5,0,N/A,N/A,N/A,N/A
HW_PYRO_07-21-25,OTB_H_25_N_2,R2,BL3 - BL3-H,SSC - SSC-H,0,5,0,N/A,N/A,N/A,N/A
HW_PYRO_07-21-25,OTB_H_25_N_3,All Events,FSC - FSC-H,SSC - SSC-H,10537,159,66.27,93706,31942,91842.28,72551.94
HW_PYRO_07-21-25,OTB_H_25_N_3,R1,FSC - FSC-H,SSC - SSC-H,71,159,0.447,380896,545768,170936.58,98472.28
HW_PYRO_07-21-25,OTB_H_25_N_3,R2,BL3 - BL3-H,SSC - SSC-H,24,159,0.151,51218,586064,12722.75,94416.97
HW_PYRO_07-21-25,OTB_H_25_N_3,R1,BL3 - BL3-H,SSC - SSC-H,71,159,0.447,17563,545768,25320.84,98472.28
HW_PYRO_07-21-25,OTB_H_25_N_3,R2,CircularityPercent ,AreaSquareMicrons,24,159,0.151,28,845,17.77,407.5
HW_PYRO_07-21-25,OTB_H_25_N_3,R2,MajorDiameterMicrons ,EccentricityPercent ,24,159,0.151,38,64,12.8,24.79
HW_PYRO_07-21-25,OTB_H_25_N_3,R2,PerimeterMicrons,MinorDiameterMicrons ,24,159,0.151,189,26,77.41,11.09
HW_PYRO_07-21-25,OTB_H_25_N_3,R2,CVIntensity,AverageIntensity,24,159,0.151,44,312,15.34,100.94
HW_PYRO_07-21-25,OTB_H_25_N_3,R2,StandardDeviationIntensity,SkewnessIntensity,24,159,0.151,148,1,53.15,0.53
HW_PYRO_07-21-25,OTB_H_25_N_3,R1,FSC - FSC-H,SSC - SSC-H,66,159,0.415,386577,555721,174474.92,94931.25
HW_PYRO_07-21-25,OTB_H_25_N_3,R1,BL3 - BL3-H,N/A,66,159,0.415,18891,N/A,25788.3,N/A
HW_PYRO_07-21-25,OTB_H_25_N_3,R2,BL3 - BL3-H,SSC - SSC-H,56,159,0.352,42955,402562,15756.89,179293.24
HW_PYRO_07-21-25,OTB_H_30_1,All Events,FSC - FSC-H,SSC - SSC-H,3185,159,20.031,116747,51261,96993.01,88588.35
HW_PYRO_07-21-25,OTB_H_30_1,R1,FSC - FSC-H,SSC - SSC-H,35,159,0.22,351596,568047,119205.77,118858.08
HW_PYRO_07-21-25,OTB_H_30_1,R2,BL3 - BL3-H,SSC - SSC-H,21,159,0.132,46067,602116,10965.42,124846.99
HW_PYRO_07-21-25,OTB_H_30_1,R1,BL3 - BL3-H,SSC - SSC-H,35,159,0.22,27660,568047,24370.83,118858.08
HW_PYRO_07-21-25,OTB_H_30_1,R2,CircularityPercent ,AreaSquareMicrons,21,159,0.132,26,730,18.75,473.57
HW_PYRO_07-21-25,OTB_H_30_1,R2,MajorDiameterMicrons ,EccentricityPercent ,21,159,0.132,35,65,16.11,29.93
HW_PYRO_07-21-25,OTB_H_30_1,R2,PerimeterMicrons,MinorDiameterMicrons ,21,159,0.132,166,22,83.83,12.43
HW_PYRO_07-21-25,OTB_H_30_1,R2,CVIntensity,AverageIntensity,21,159,0.132,43,310,19.65,148.38
HW_PYRO_07-21-25,OTB_H_30_1,R2,StandardDeviationIntensity,SkewnessIntensity,21,159,0.132,153,1,72.74,0.59
HW_PYRO_07-21-25,OTB_H_30_1,R1,FSC - FSC-H,SSC - SSC-H,32,159,0.201,352272,582721,121802.74,113580.07
HW_PYRO_07-21-25,OTB_H_30_1,R1,BL3 - BL3-H,N/A,32,159,0.201,28907,N/A,24351.51,N/A
HW_PYRO_07-21-25,OTB_H_30_1,R2,BL3 - BL3-H,SSC - SSC-H,45,159,0.283,40067,434714,11962.43,183455.07
HW_PYRO_07-21-25,OTB_H_30_2,All Events,FSC - FSC-H,SSC - SSC-H,1061,159,6.673,166885,113994,131899.87,150869.46
HW_PYRO_07-21-25,OTB_H_30_2,R1,FSC - FSC-H,SSC - SSC-H,66,159,0.415,377885,564398,112830.52,104650.29
HW_PYRO_07-21-25,OTB_H_30_2,R2,BL3 - BL3-H,SSC - SSC-H,43,159,0.27,44412,582400,7650.54,98371.4
HW_PYRO_07-21-25,OTB_H_30_2,R1,BL3 - BL3-H,SSC - SSC-H,66,159,0.415,29033,564398,22069.2,104650.29
HW_PYRO_07-21-25,OTB_H_30_2,R2,CircularityPercent ,AreaSquareMicrons,43,159,0.27,32,841,20.67,450.73
HW_PYRO_07-21-25,OTB_H_30_2,R2,MajorDiameterMicrons ,EccentricityPercent ,43,159,0.27,37,64,13.75,25.64
HW_PYRO_07-21-25,OTB_H_30_2,R2,PerimeterMicrons,MinorDiameterMicrons ,43,159,0.27,175,25,78.29,11.54
HW_PYRO_07-21-25,OTB_H_30_2,R2,CVIntensity,AverageIntensity,43,159,0.27,45,298,17.52,103.9
HW_PYRO_07-21-25,OTB_H_30_2,R2,StandardDeviationIntensity,SkewnessIntensity,43,159,0.27,144,1,52.29,0.53
HW_PYRO_07-21-25,OTB_H_30_2,R1,FSC - FSC-H,SSC - SSC-H,61,159,0.384,373918,576660,115851.05,99226.11
HW_PYRO_07-21-25,OTB_H_30_2,R1,BL3 - BL3-H,N/A,61,159,0.384,30676,N/A,21557.93,N/A
HW_PYRO_07-21-25,OTB_H_30_2,R2,BL3 - BL3-H,SSC - SSC-H,62,159,0.39,42138,487639,9769.53,170320.15
HW_PYRO_07-21-25,OTB_H_30_3,All Events,FSC - FSC-H,SSC - SSC-H,7852,160,49.075,105810,44511,100679.4,87641.05
HW_PYRO_07-21-25,OTB_H_30_3,R1,FSC - FSC-H,SSC - SSC-H,84,160,0.525,351481,552105,149290.72,108327.6
HW_PYRO_07-21-25,OTB_H_30_3,R2,BL3 - BL3-H,SSC - SSC-H,40,160,0.25,43744,570686,7096.99,89637.72
HW_PYRO_07-21-25,OTB_H_30_3,R1,BL3 - BL3-H,SSC - SSC-H,84,160,0.525,20877,552105,22467.15,108327.6
HW_PYRO_07-21-25,OTB_H_30_3,R2,CircularityPercent ,AreaSquareMicrons,40,160,0.25,32,935,18.47,451.44
HW_PYRO_07-21-25,OTB_H_30_3,R2,MajorDiameterMicrons ,EccentricityPercent ,40,160,0.25,40,69,11.87,19.26
HW_PYRO_07-21-25,OTB_H_30_3,R2,PerimeterMicrons,MinorDiameterMicrons ,40,160,0.25,191,27,60.47,10.04
HW_PYRO_07-21-25,OTB_H_30_3,R2,CVIntensity,AverageIntensity,40,160,0.25,46,324,13.48,88.55
HW_PYRO_07-21-25,OTB_H_30_3,R2,StandardDeviationIntensity,SkewnessIntensity,40,160,0.25,156,1,43.75,0.42
HW_PYRO_07-21-25,OTB_H_30_3,R1,FSC - FSC-H,SSC - SSC-H,79,160,0.494,354118,560794,152706.89,105833.43
HW_PYRO_07-21-25,OTB_H_30_3,R1,BL3 - BL3-H,N/A,79,160,0.494,22195,N/A,22529.19,N/A
HW_PYRO_07-21-25,OTB_H_30_3,R2,BL3 - BL3-H,SSC - SSC-H,88,160,0.55,40559,412705,10106.55,165001.43
HW_PYRO_07-21-25,OTB_H_30_N_1,All Events,FSC - FSC-H,SSC - SSC-H,2040,160,12.75,104390,40332,112951.43,81996.79
HW_PYRO_07-21-25,OTB_H_30_N_1,R1,FSC - FSC-H,SSC - SSC-H,25,160,0.156,325763,521053,142454.67,88451.64
HW_PYRO_07-21-25,OTB_H_30_N_1,R2,BL3 - BL3-H,SSC - SSC-H,11,160,0.069,46421,535993,7361.43,114363
HW_PYRO_07-21-25,OTB_H_30_N_1,R1,BL3 - BL3-H,SSC - SSC-H,25,160,0.156,20605,521053,23841.02,88451.64
HW_PYRO_07-21-25,OTB_H_30_N_1,R2,CircularityPercent ,AreaSquareMicrons,11,160,0.069,25,749,22.03,570.26
HW_PYRO_07-21-25,OTB_H_30_N_1,R2,MajorDiameterMicrons ,EccentricityPercent ,11,160,0.069,32,54,21.13,36.3
HW_PYRO_07-21-25,OTB_H_30_N_1,R2,PerimeterMicrons,MinorDiameterMicrons ,11,160,0.069,145,21,96.66,15.18
HW_PYRO_07-21-25,OTB_H_30_N_1,R2,CVIntensity,AverageIntensity,11,160,0.069,36,243,24.33,157.2
HW_PYRO_07-21-25,OTB_H_30_N_1,R2,StandardDeviationIntensity,SkewnessIntensity,11,160,0.069,120,1,80.85,0.7
HW_PYRO_07-21-25,OTB_H_30_N_1,R1,FSC - FSC-H,SSC - SSC-H,24,160,0.15,311818,525297,126894.79,87715.34
HW_PYRO_07-21-25,OTB_H_30_N_1,R1,BL3 - BL3-H,N/A,24,160,0.15,21462,N/A,23957.24,N/A
HW_PYRO_07-21-25,OTB_H_30_N_1,R2,BL3 - BL3-H,SSC - SSC-H,19,160,0.119,40820,442001,12832.9,151942.03
HW_PYRO_07-21-25,OTB_H_30_N_2,All Events,FSC - FSC-H,SSC - SSC-H,2343,159,14.736,104423,42551,105809.63,87025.6
HW_PYRO_07-21-25,OTB_H_30_N_2,R1,FSC - FSC-H,SSC - SSC-H,28,159,0.176,275398,554683,165463.58,111027.61
HW_PYRO_07-21-25,OTB_H_30_N_2,R2,BL3 - BL3-H,SSC - SSC-H,10,159,0.063,36050,540263,7663.82,113802.09
HW_PYRO_07-21-25,OTB_H_30_N_2,R1,BL3 - BL3-H,SSC - SSC-H,28,159,0.176,13133,554683,17988.56,111027.61
HW_PYRO_07-21-25,OTB_H_30_N_2,R2,CircularityPercent ,AreaSquareMicrons,10,159,0.063,32,781,18.08,522.86
HW_PYRO_07-21-25,OTB_H_30_N_2,R2,MajorDiameterMicrons ,EccentricityPercent ,10,159,0.063,35,64,17.22,25.95
HW_PYRO_07-21-25,OTB_H_30_N_2,R2,PerimeterMicrons,MinorDiameterMicrons ,10,159,0.063,165,23,95.71,12.5
HW_PYRO_07-21-25,OTB_H_30_N_2,R2,CVIntensity,AverageIntensity,10,159,0.063,41,289,17.48,112.71
HW_PYRO_07-21-25,OTB_H_30_N_2,R2,StandardDeviationIntensity,SkewnessIntensity,10,159,0.063,132,1,55.88,0.64
HW_PYRO_07-21-25,OTB_H_30_N_2,R1,FSC - FSC-H,SSC - SSC-H,28,159,0.176,275398,554683,165463.58,111027.61
HW_PYRO_07-21-25,OTB_H_30_N_2,R1,BL3 - BL3-H,N/A,28,159,0.176,13133,N/A,17988.56,N/A
HW_PYRO_07-21-25,OTB_H_30_N_2,R2,BL3 - BL3-H,SSC - SSC-H,28,159,0.176,36761,390558,10848.95,145776.06
HW_PYRO_07-21-25,OTB_H_30_N_3,All Events,FSC - FSC-H,SSC - SSC-H,2723,160,17.019,105573,35475,108647.83,80496.17
HW_PYRO_07-21-25,OTB_H_30_N_3,R1,FSC - FSC-H,SSC - SSC-H,26,160,0.163,322907,593053,142904.92,130164.52
HW_PYRO_07-21-25,OTB_H_30_N_3,R2,BL3 - BL3-H,SSC - SSC-H,12,160,0.075,45108,595574,7388.5,113567.99
HW_PYRO_07-21-25,OTB_H_30_N_3,R1,BL3 - BL3-H,SSC - SSC-H,26,160,0.163,20863,593053,23409.89,130164.52
HW_PYRO_07-21-25,OTB_H_30_N_3,R2,CircularityPercent ,AreaSquareMicrons,12,160,0.075,34,930,19.39,506.26
HW_PYRO_07-21-25,OTB_H_30_N_3,R2,MajorDiameterMicrons ,EccentricityPercent ,12,160,0.075,42,72,7.13,20.69
HW_PYRO_07-21-25,OTB_H_30_N_3,R2,PerimeterMicrons,MinorDiameterMicrons ,12,160,0.075,188,27,56.12,12.22
HW_PYRO_07-21-25,OTB_H_30_N_3,R2,CVIntensity,AverageIntensity,12,160,0.075,52,339,19.01,56.61
HW_PYRO_07-21-25,OTB_H_30_N_3,R2,StandardDeviationIntensity,SkewnessIntensity,12,160,0.075,167,1,28.73,0.51
HW_PYRO_07-21-25,OTB_H_30_N_3,R1,FSC - FSC-H,SSC - SSC-H,26,160,0.163,322907,593053,142904.92,130164.52
HW_PYRO_07-21-25,OTB_H_30_N_3,R1,BL3 - BL3-H,N/A,26,160,0.163,20863,N/A,23409.89,N/A
HW_PYRO_07-21-25,OTB_H_30_N_3,R2,BL3 - BL3-H,SSC - SSC-H,22,160,0.138,39467,452573,13798.89,186492.23