Plate,Sample,Gate,X Parameter,Y Parameter,Count,Volume,Concentration,X Mean,Y Mean,X SD,Y SD
HW_BACT_6-24-25_ST2,blank,All Events,BL1 - BL1-H,N/A,0,50,0.000,N/A,N/A,N/A,N/A
HW_BACT_6-24-25_ST2,blank,R2,BL1 - BL1-H,N/A,0,50,0.000,N/A,N/A,N/A,N/A
HW_BACT_6-24-25_ST2,blank,R1,BL1 - BL1-H,N/A,0,50,0.000,N/A,N/A,N/A,N/A
HW_BACT_6-24-25_ST2,blank,R1,FSC - FSC-H,SSC - SSC-H,0,50,0.000,N/A,N/A,N/A,N/A
HW_BACT_6-24-25_ST2,blank,R3,BL1 - BL1-H,SSC - SSC-H,0,50,0.000,N/A,N/A,N/A,N/A
HW_BACT_6-24-25_ST2,blank,R1,BL1 - BL1-H,SSC - SSC-H,0,50,0.000,N/A,N/A,N/A,N/A
HW_BACT_6-24-25_ST2,LD_H_20_1,All Events,BL1 - BL1-H,N/A,1582,50,31.640,95476,N/A,43421.17,N/A
HW_BACT_6-24-25_ST2,LD_H_20_1,R2,BL1 - BL1-H,N/A,1512,50,30.240,99020,N/A,38668.69,N/A
HW_BACT_6-24-25_ST2,LD_H_20_1,R1,BL1 - BL1-H,N/A,1582,50,31.640,95476,N/A,43421.17,N/A
HW_BACT_6-24-25_ST2,LD_H_20_1,R1,FSC - FSC-H,SSC - SSC-H,1582,50,31.640,2364,1805,1195.27,1203.30
HW_BACT_6-24-25_ST2,LD_H_20_1,R3,BL1 - BL1-H,SSC - SSC-H,1438,50,28.760,104277,1748,34717.21,851.91
HW_BACT_6-24-25_ST2,LD_H_20_1,R1,BL1 - BL1-H,SSC - SSC-H,1582,50,31.640,95476,1805,43421.17,1203.30
HW_BACT_6-24-25_ST2,LD_H_20_2,All Events,BL1 - BL1-H,N/A,1353,50,27.060,90423,N/A,48543.88,N/A
HW_BACT_6-24-25_ST2,LD_H_20_2,R2,BL1 - BL1-H,N/A,1263,50,25.260,95206,N/A,41875.86,N/A
HW_BACT_6-24-25_ST2,LD_H_20_2,R1,BL1 - BL1-H,N/A,1353,50,27.060,90423,N/A,48543.88,N/A
HW_BACT_6-24-25_ST2,LD_H_20_2,R1,FSC - FSC-H,SSC - SSC-H,1353,50,27.060,2379,1964,1139.59,1357.34
HW_BACT_6-24-25_ST2,LD_H_20_2,R3,BL1 - BL1-H,SSC - SSC-H,1203,50,24.060,100905,1860,40652.52,962.90
HW_BACT_6-24-25_ST2,LD_H_20_2,R1,BL1 - BL1-H,SSC - SSC-H,1353,50,27.060,90423,1964,48543.88,1357.34
HW_BACT_6-24-25_ST2,LD_H_20_3,All Events,BL1 - BL1-H,N/A,1447,50,28.940,97712,N/A,44655.94,N/A
HW_BACT_6-24-25_ST2,LD_H_20_3,R2,BL1 - BL1-H,N/A,1362,50,27.240,101206,N/A,36557.72,N/A
HW_BACT_6-24-25_ST2,LD_H_20_3,R1,BL1 - BL1-H,N/A,1447,50,28.940,97712,N/A,44655.94,N/A
HW_BACT_6-24-25_ST2,LD_H_20_3,R1,FSC - FSC-H,SSC - SSC-H,1447,50,28.940,2300,1721,961.70,1292.02
HW_BACT_6-24-25_ST2,LD_H_20_3,R3,BL1 - BL1-H,SSC - SSC-H,1311,50,26.220,107055,1659,35425.82,909.08
HW_BACT_6-24-25_ST2,LD_H_20_3,R1,BL1 - BL1-H,SSC - SSC-H,1447,50,28.940,97712,1721,44655.94,1292.02
HW_BACT_6-24-25_ST2,LD_H_25_1,All Events,BL1 - BL1-H,N/A,1248,50,24.960,48397,N/A,36502.96,N/A
HW_BACT_6-24-25_ST2,LD_H_25_1,R2,BL1 - BL1-H,N/A,1070,50,21.400,55933,N/A,33995.72,N/A
HW_BACT_6-24-25_ST2,LD_H_25_1,R1,BL1 - BL1-H,N/A,1248,50,24.960,48397,N/A,36502.96,N/A
HW_BACT_6-24-25_ST2,LD_H_25_1,R1,FSC - FSC-H,SSC - SSC-H,1248,50,24.960,2534,2233,1597.82,1683.60
HW_BACT_6-24-25_ST2,LD_H_25_1,R3,BL1 - BL1-H,SSC - SSC-H,900,50,18.000,64449,2117,30006.07,1105.74
HW_BACT_6-24-25_ST2,LD_H_25_1,R1,BL1 - BL1-H,SSC - SSC-H,1248,50,24.960,48397,2233,36502.96,1683.60
HW_BACT_6-24-25_ST2,LD_H_25_2,All Events,BL1 - BL1-H,N/A,1109,50,22.180,53600,N/A,38066.45,N/A
HW_BACT_6-24-25_ST2,LD_H_25_2,R2,BL1 - BL1-H,N/A,979,50,19.580,60071,N/A,35040.61,N/A
HW_BACT_6-24-25_ST2,LD_H_25_2,R1,BL1 - BL1-H,N/A,1109,50,22.180,53600,N/A,38066.45,N/A
HW_BACT_6-24-25_ST2,LD_H_25_2,R1,FSC - FSC-H,SSC - SSC-H,1109,50,22.180,2330,1892,1251.73,1294.94
HW_BACT_6-24-25_ST2,LD_H_25_2,R3,BL1 - BL1-H,SSC - SSC-H,902,50,18.040,64632,1990,33520.84,1160.72
HW_BACT_6-24-25_ST2,LD_H_25_2,R1,BL1 - BL1-H,SSC - SSC-H,1109,50,22.180,53600,1892,38066.45,1294.94
HW_BACT_6-24-25_ST2,LD_H_25_3,All Events,BL1 - BL1-H,N/A,1517,50,30.340,59172,N/A,43026.19,N/A
HW_BACT_6-24-25_ST2,LD_H_25_3,R2,BL1 - BL1-H,N/A,1378,50,27.560,63098,N/A,34151.69,N/A
HW_BACT_6-24-25_ST2,LD_H_25_3,R1,BL1 - BL1-H,N/A,1517,50,30.340,59172,N/A,43026.19,N/A
HW_BACT_6-24-25_ST2,LD_H_25_3,R1,FSC - FSC-H,SSC - SSC-H,1517,50,30.340,2293,1881,1368.91,1466.75
HW_BACT_6-24-25_ST2,LD_H_25_3,R3,BL1 - BL1-H,SSC - SSC-H,1279,50,25.580,68165,1899,35631.93,1122.03
HW_BACT_6-24-25_ST2,LD_H_25_3,R1,BL1 - BL1-H,SSC - SSC-H,1517,50,30.340,59172,1881,43026.19,1466.75
HW_BACT_6-24-25_ST2,LD_H_30_1,All Events,BL1 - BL1-H,N/A,1156,50,23.120,47490,N/A,38488.18,N/A
HW_BACT_6-24-25_ST2,LD_H_30_1,R2,BL1 - BL1-H,N/A,987,50,19.740,54806,N/A,35924.18,N/A
HW_BACT_6-24-25_ST2,LD_H_30_1,R1,BL1 - BL1-H,N/A,1156,50,23.120,47490,N/A,38488.18,N/A
HW_BACT_6-24-25_ST2,LD_H_30_1,R1,FSC - FSC-H,SSC - SSC-H,1156,50,23.120,2319,1962,1369.87,1336.84
HW_BACT_6-24-25_ST2,LD_H_30_1,R3,BL1 - BL1-H,SSC - SSC-H,846,50,16.920,62816,2094,33749.06,1131.51
HW_BACT_6-24-25_ST2,LD_H_30_1,R1,BL1 - BL1-H,SSC - SSC-H,1156,50,23.120,47490,1962,38488.18,1336.84
HW_BACT_6-24-25_ST2,LD_H_30_2,All Events,BL1 - BL1-H,N/A,1088,50,21.760,44089,N/A,36930.86,N/A
HW_BACT_6-24-25_ST2,LD_H_30_2,R2,BL1 - BL1-H,N/A,906,50,18.120,52322,N/A,35106.07,N/A
HW_BACT_6-24-25_ST2,LD_H_30_2,R1,BL1 - BL1-H,N/A,1088,50,21.760,44089,N/A,36930.86,N/A
HW_BACT_6-24-25_ST2,LD_H_30_2,R1,FSC - FSC-H,SSC - SSC-H,1088,50,21.760,2414,1906,1674.41,1370.52
HW_BACT_6-24-25_ST2,LD_H_30_2,R3,BL1 - BL1-H,SSC - SSC-H,764,50,15.280,60093,2056,32641.70,1132.28
HW_BACT_6-24-25_ST2,LD_H_30_2,R1,BL1 - BL1-H,SSC - SSC-H,1088,50,21.760,44089,1906,36930.86,1370.52
HW_BACT_6-24-25_ST2,LD_H_30_3,All Events,BL1 - BL1-H,N/A,1297,50,25.940,44942,N/A,37028.08,N/A
HW_BACT_6-24-25_ST2,LD_H_30_3,R2,BL1 - BL1-H,N/A,1083,50,21.660,53204,N/A,35044.13,N/A
HW_BACT_6-24-25_ST2,LD_H_30_3,R1,BL1 - BL1-H,N/A,1297,50,25.940,44942,N/A,37028.08,N/A
HW_BACT_6-24-25_ST2,LD_H_30_3,R1,FSC - FSC-H,SSC - SSC-H,1297,50,25.940,2402,1947,1792.64,1464.47
HW_BACT_6-24-25_ST2,LD_H_30_3,R3,BL1 - BL1-H,SSC - SSC-H,944,50,18.880,59619,2009,32890.46,1114.46
HW_BACT_6-24-25_ST2,LD_H_30_3,R1,BL1 - BL1-H,SSC - SSC-H,1297,50,25.940,44942,1947,37028.08,1464.47
HW_BACT_6-24-25_ST2,LD_C_20_1,All Events,BL1 - BL1-H,N/A,296,50,5.920,72188,N/A,60897.96,N/A
HW_BACT_6-24-25_ST2,LD_C_20_1,R2,BL1 - BL1-H,N/A,225,50,4.500,93963,N/A,53835.74,N/A
HW_BACT_6-24-25_ST2,LD_C_20_1,R1,BL1 - BL1-H,N/A,296,50,5.920,72188,N/A,60897.96,N/A
HW_BACT_6-24-25_ST2,LD_C_20_1,R1,FSC - FSC-H,SSC - SSC-H,296,50,5.920,2293,2249,1085.70,2207.52
HW_BACT_6-24-25_ST2,LD_C_20_1,R3,BL1 - BL1-H,SSC - SSC-H,186,50,3.720,111942,1512,40356.16,866.78
HW_BACT_6-24-25_ST2,LD_C_20_1,R1,BL1 - BL1-H,SSC - SSC-H,296,50,5.920,72188,2249,60897.96,2207.52
HW_BACT_6-24-25_ST2,LD_C_20_3,All Events,BL1 - BL1-H,N/A,243,50,4.860,79925,N/A,61774.64,N/A
HW_BACT_6-24-25_ST2,LD_C_20_3,R2,BL1 - BL1-H,N/A,199,50,3.980,92825,N/A,51734.18,N/A
HW_BACT_6-24-25_ST2,LD_C_20_3,R1,BL1 - BL1-H,N/A,243,50,4.860,79925,N/A,61774.64,N/A
HW_BACT_6-24-25_ST2,LD_C_20_3,R1,FSC - FSC-H,SSC - SSC-H,243,50,4.860,2479,2434,2286.03,2343.16
HW_BACT_6-24-25_ST2,LD_C_20_3,R3,BL1 - BL1-H,SSC - SSC-H,169,50,3.380,112262,1660,45042.75,1020.72
HW_BACT_6-24-25_ST2,LD_C_20_3,R1,BL1 - BL1-H,SSC - SSC-H,243,50,4.860,79925,2434,61774.64,2343.16
HW_BACT_6-24-25_ST2,LD_C_25_1,All Events,BL1 - BL1-H,N/A,202,50,4.040,52917,N/A,49338.79,N/A
HW_BACT_6-24-25_ST2,LD_C_25_1,R2,BL1 - BL1-H,N/A,148,50,2.960,67530,N/A,40085.59,N/A
HW_BACT_6-24-25_ST2,LD_C_25_1,R1,BL1 - BL1-H,N/A,202,50,4.040,52917,N/A,49338.79,N/A
HW_BACT_6-24-25_ST2,LD_C_25_1,R1,FSC - FSC-H,SSC - SSC-H,202,50,4.040,2305,1541,1746.19,1551.50
HW_BACT_6-24-25_ST2,LD_C_25_1,R3,BL1 - BL1-H,SSC - SSC-H,122,50,2.440,83777,1457,39872.41,852.99
HW_BACT_6-24-25_ST2,LD_C_25_1,R1,BL1 - BL1-H,SSC - SSC-H,202,50,4.040,52917,1541,49338.79,1551.50
HW_BACT_6-24-25_ST2,LD_C_25_2,All Events,BL1 - BL1-H,N/A,483,50,9.660,58869,N/A,41988.91,N/A
HW_BACT_6-24-25_ST2,LD_C_25_2,R2,BL1 - BL1-H,N/A,447,50,8.940,62702,N/A,38945.89,N/A
HW_BACT_6-24-25_ST2,LD_C_25_2,R1,BL1 - BL1-H,N/A,483,50,9.660,58869,N/A,41988.91,N/A
HW_BACT_6-24-25_ST2,LD_C_25_2,R1,FSC - FSC-H,SSC - SSC-H,483,50,9.660,2216,1355,1109.93,1530.88
HW_BACT_6-24-25_ST2,LD_C_25_2,R3,BL1 - BL1-H,SSC - SSC-H,406,50,8.120,68527,1124,38417.32,706.51
HW_BACT_6-24-25_ST2,LD_C_25_2,R1,BL1 - BL1-H,SSC - SSC-H,483,50,9.660,58869,1355,41988.91,1530.88
HW_BACT_6-24-25_ST2,LD_C_25_3,All Events,BL1 - BL1-H,N/A,207,50,4.140,52126,N/A,41623.32,N/A
HW_BACT_6-24-25_ST2,LD_C_25_3,R2,BL1 - BL1-H,N/A,163,50,3.260,65377,N/A,37037.10,N/A
HW_BACT_6-24-25_ST2,LD_C_25_3,R1,BL1 - BL1-H,N/A,207,50,4.140,52126,N/A,41623.32,N/A
HW_BACT_6-24-25_ST2,LD_C_25_3,R1,FSC - FSC-H,SSC - SSC-H,207,50,4.140,2138,1746,1290.84,1706.51
HW_BACT_6-24-25_ST2,LD_C_25_3,R3,BL1 - BL1-H,SSC - SSC-H,141,50,2.820,74068,1630,31899.23,986.86
HW_BACT_6-24-25_ST2,LD_C_25_3,R1,BL1 - BL1-H,SSC - SSC-H,207,50,4.140,52126,1746,41623.32,1706.51
HW_BACT_6-24-25_ST2,LD_C_30_1,All Events,BL1 - BL1-H,N/A,1626,50,32.520,49529,N/A,28364.33,N/A
HW_BACT_6-24-25_ST2,LD_C_30_1,R2,BL1 - BL1-H,N/A,1460,50,29.200,54824,N/A,24925.27,N/A
HW_BACT_6-24-25_ST2,LD_C_30_1,R1,BL1 - BL1-H,N/A,1626,50,32.520,49529,N/A,28364.33,N/A
HW_BACT_6-24-25_ST2,LD_C_30_1,R1,FSC - FSC-H,SSC - SSC-H,1626,50,32.520,2231,1308,1465.29,1240.88
HW_BACT_6-24-25_ST2,LD_C_30_1,R3,BL1 - BL1-H,SSC - SSC-H,1375,50,27.500,57566,1169,22829.51,873.81
HW_BACT_6-24-25_ST2,LD_C_30_1,R1,BL1 - BL1-H,SSC - SSC-H,1626,50,32.520,49529,1308,28364.33,1240.88
HW_BACT_6-24-25_ST2,LD_C_30_2,All Events,BL1 - BL1-H,N/A,509,50,10.180,52261,N/A,39141.53,N/A
HW_BACT_6-24-25_ST2,LD_C_30_2,R2,BL1 - BL1-H,N/A,416,50,8.320,63270,N/A,34791.40,N/A
HW_BACT_6-24-25_ST2,LD_C_30_2,R1,BL1 - BL1-H,N/A,509,50,10.180,52261,N/A,39141.53,N/A
HW_BACT_6-24-25_ST2,LD_C_30_2,R1,FSC - FSC-H,SSC - SSC-H,509,50,10.180,2365,1871,1228.48,1417.95
HW_BACT_6-24-25_ST2,LD_C_30_2,R3,BL1 - BL1-H,SSC - SSC-H,370,50,7.400,69978,1828,30815.14,1108.88
HW_BACT_6-24-25_ST2,LD_C_30_2,R1,BL1 - BL1-H,SSC - SSC-H,509,50,10.180,52261,1871,39141.53,1417.95
HW_BACT_6-24-25_ST2,LD_C_30_3,All Events,BL1 - BL1-H,N/A,535,50,10.700,79493,N/A,60139.41,N/A
HW_BACT_6-24-25_ST2,LD_C_30_3,R2,BL1 - BL1-H,N/A,485,50,9.700,82418,N/A,47255.92,N/A
HW_BACT_6-24-25_ST2,LD_C_30_3,R1,BL1 - BL1-H,N/A,535,50,10.700,79493,N/A,60139.41,N/A
HW_BACT_6-24-25_ST2,LD_C_30_3,R1,FSC - FSC-H,SSC - SSC-H,535,50,10.700,2468,1900,1416.22,1636.13
HW_BACT_6-24-25_ST2,LD_C_30_3,R3,BL1 - BL1-H,SSC - SSC-H,435,50,8.700,94924,1785,50051.22,1209.69
HW_BACT_6-24-25_ST2,LD_C_30_3,R1,BL1 - BL1-H,SSC - SSC-H,535,50,10.700,79493,1900,60139.41,1636.13
HW_BACT_6-24-25_ST2,LD_H_20_N_1,All Events,BL1 - BL1-H,N/A,2585,50,51.700,63015,N/A,48747.48,N/A
HW_BACT_6-24-25_ST2,LD_H_20_N_1,R2,BL1 - BL1-H,N/A,2167,50,43.340,74432,N/A,44698.21,N/A
HW_BACT_6-24-25_ST2,LD_H_20_N_1,R1,BL1 - BL1-H,N/A,2585,50,51.700,63015,N/A,48747.48,N/A
HW_BACT_6-24-25_ST2,LD_H_20_N_1,R1,FSC - FSC-H,SSC - SSC-H,2585,50,51.700,2021,1141,894.53,938.15
HW_BACT_6-24-25_ST2,LD_H_20_N_1,R3,BL1 - BL1-H,SSC - SSC-H,1824,50,36.480,87206,1244,37068.49,766.32
HW_BACT_6-24-25_ST2,LD_H_20_N_1,R1,BL1 - BL1-H,SSC - SSC-H,2585,50,51.700,63015,1141,48747.48,938.15
HW_BACT_6-24-25_ST2,LD_H_20_N_2,All Events,BL1 - BL1-H,N/A,1945,50,38.900,89413,N/A,42890.13,N/A
HW_BACT_6-24-25_ST2,LD_H_20_N_2,R2,BL1 - BL1-H,N/A,1827,50,36.540,93923,N/A,36612.10,N/A
HW_BACT_6-24-25_ST2,LD_H_20_N_2,R1,BL1 - BL1-H,N/A,1945,50,38.900,89413,N/A,42890.13,N/A
HW_BACT_6-24-25_ST2,LD_H_20_N_2,R1,FSC - FSC-H,SSC - SSC-H,1945,50,38.900,2197,1734,951.64,1544.51
HW_BACT_6-24-25_ST2,LD_H_20_N_2,R3,BL1 - BL1-H,SSC - SSC-H,1716,50,34.320,100561,1529,32045.63,831.34
HW_BACT_6-24-25_ST2,LD_H_20_N_2,R1,BL1 - BL1-H,SSC - SSC-H,1945,50,38.900,89413,1734,42890.13,1544.51
HW_BACT_6-24-25_ST2,LD_H_20_N_3,All Events,BL1 - BL1-H,N/A,2262,50,45.240,79461,N/A,47162.28,N/A
HW_BACT_6-24-25_ST2,LD_H_20_N_3,R2,BL1 - BL1-H,N/A,2036,50,40.720,87154,N/A,40085.15,N/A
HW_BACT_6-24-25_ST2,LD_H_20_N_3,R1,BL1 - BL1-H,N/A,2262,50,45.240,79461,N/A,47162.28,N/A
HW_BACT_6-24-25_ST2,LD_H_20_N_3,R1,FSC - FSC-H,SSC - SSC-H,2262,50,45.240,2217,1862,1212.00,1905.59
HW_BACT_6-24-25_ST2,LD_H_20_N_3,R3,BL1 - BL1-H,SSC - SSC-H,1810,50,36.200,97385,1530,33747.49,875.70
HW_BACT_6-24-25_ST2,LD_H_20_N_3,R1,BL1 - BL1-H,SSC - SSC-H,2262,50,45.240,79461,1862,47162.28,1905.59
HW_BACT_6-24-25_ST2,LD_H_25_N_2,All Events,BL1 - BL1-H,N/A,2021,50,40.420,55743,N/A,39160.69,N/A
HW_BACT_6-24-25_ST2,LD_H_25_N_2,R2,BL1 - BL1-H,N/A,1843,50,36.860,60827,N/A,37256.51,N/A
HW_BACT_6-24-25_ST2,LD_H_25_N_2,R1,BL1 - BL1-H,N/A,2021,50,40.420,55743,N/A,39160.69,N/A
HW_BACT_6-24-25_ST2,LD_H_25_N_2,R1,FSC - FSC-H,SSC - SSC-H,2021,50,40.420,2331,1878,1462.96,1326.44
HW_BACT_6-24-25_ST2,LD_H_25_N_2,R3,BL1 - BL1-H,SSC - SSC-H,1685,50,33.700,65480,1866,35339.96,939.60
HW_BACT_6-24-25_ST2,LD_H_25_N_2,R1,BL1 - BL1-H,SSC - SSC-H,2021,50,40.420,55743,1878,39160.69,1326.44
HW_BACT_6-24-25_ST2,LD_H_25_N_3,All Events,BL1 - BL1-H,N/A,4136,50,82.720,82394,N/A,38305.50,N/A
HW_BACT_6-24-25_ST2,LD_H_25_N_3,R2,BL1 - BL1-H,N/A,3950,50,79.000,85785,N/A,34047.43,N/A
HW_BACT_6-24-25_ST2,LD_H_25_N_3,R1,BL1 - BL1-H,N/A,4136,50,82.720,82394,N/A,38305.50,N/A
HW_BACT_6-24-25_ST2,LD_H_25_N_3,R1,FSC - FSC-H,SSC - SSC-H,4136,50,82.720,2353,1954,1148.90,1052.55
HW_BACT_6-24-25_ST2,LD_H_25_N_3,R3,BL1 - BL1-H,SSC - SSC-H,3832,50,76.640,88509,1963,32756.01,939.64
HW_BACT_6-24-25_ST2,LD_H_25_N_3,R1,BL1 - BL1-H,SSC - SSC-H,4136,50,82.720,82394,1954,38305.50,1052.55
HW_BACT_6-24-25_ST2,LD_H_30_N_1,All Events,BL1 - BL1-H,N/A,2165,50,43.300,65949,N/A,48543.23,N/A
HW_BACT_6-24-25_ST2,LD_H_30_N_1,R2,BL1 - BL1-H,N/A,1931,50,38.620,73398,N/A,45590.55,N/A
HW_BACT_6-24-25_ST2,LD_H_30_N_1,R1,BL1 - BL1-H,N/A,2165,50,43.300,65949,N/A,48543.23,N/A
HW_BACT_6-24-25_ST2,LD_H_30_N_1,R1,FSC - FSC-H,SSC - SSC-H,2165,50,43.300,2348,1719,1261.75,1237.90
HW_BACT_6-24-25_ST2,LD_H_30_N_1,R3,BL1 - BL1-H,SSC - SSC-H,1746,50,34.920,80522,1843,42675.99,965.64
HW_BACT_6-24-25_ST2,LD_H_30_N_1,R1,BL1 - BL1-H,SSC - SSC-H,2165,50,43.300,65949,1719,48543.23,1237.90
HW_BACT_6-24-25_ST2,LD_H_30_N_2,All Events,BL1 - BL1-H,N/A,1938,50,38.760,53913,N/A,45294.51,N/A
HW_BACT_6-24-25_ST2,LD_H_30_N_2,R2,BL1 - BL1-H,N/A,1696,50,33.920,60832,N/A,43253.65,N/A
HW_BACT_6-24-25_ST2,LD_H_30_N_2,R1,BL1 - BL1-H,N/A,1938,50,38.760,53913,N/A,45294.51,N/A
HW_BACT_6-24-25_ST2,LD_H_30_N_2,R1,FSC - FSC-H,SSC - SSC-H,1938,50,38.760,2268,1581,1438.71,1225.99
HW_BACT_6-24-25_ST2,LD_H_30_N_2,R3,BL1 - BL1-H,SSC - SSC-H,1505,50,30.100,68001,1760,41846.64,1066.99
HW_BACT_6-24-25_ST2,LD_H_30_N_2,R1,BL1 - BL1-H,SSC - SSC-H,1938,50,38.760,53913,1581,45294.51,1225.99
HW_BACT_6-24-25_ST2,LD_H_30_N_3,All Events,BL1 - BL1-H,N/A,1376,50,27.520,68430,N/A,47376.59,N/A
HW_BACT_6-24-25_ST2,LD_H_30_N_3,R2,BL1 - BL1-H,N/A,1239,50,24.780,75652,N/A,44368.02,N/A
HW_BACT_6-24-25_ST2,LD_H_30_N_3,R1,BL1 - BL1-H,N/A,1376,50,27.520,68430,N/A,47376.59,N/A
HW_BACT_6-24-25_ST2,LD_H_30_N_3,R1,FSC - FSC-H,SSC - SSC-H,1376,50,27.520,2477,1800,1666.19,1409.53
HW_BACT_6-24-25_ST2,LD_H_30_N_3,R3,BL1 - BL1-H,SSC - SSC-H,1132,50,22.640,81915,1799,41157.47,999.67
HW_BACT_6-24-25_ST2,LD_H_30_N_3,R1,BL1 - BL1-H,SSC - SSC-H,1376,50,27.520,68430,1800,47376.59,1409.53
HW_BACT_6-24-25_ST2,LD_C_20_N_1,All Events,BL1 - BL1-H,N/A,561,50,11.220,28923,N/A,42057.99,N/A
HW_BACT_6-24-25_ST2,LD_C_20_N_1,R2,BL1 - BL1-H,N/A,335,50,6.700,46317,N/A,47033.90,N/A
HW_BACT_6-24-25_ST2,LD_C_20_N_1,R1,BL1 - BL1-H,N/A,561,50,11.220,28923,N/A,42057.99,N/A
HW_BACT_6-24-25_ST2,LD_C_20_N_1,R1,FSC - FSC-H,SSC - SSC-H,561,50,11.220,2099,1682,1107.67,2008.11
HW_BACT_6-24-25_ST2,LD_C_20_N_1,R3,BL1 - BL1-H,SSC - SSC-H,183,50,3.660,77179,1406,43154.78,835.72
HW_BACT_6-24-25_ST2,LD_C_20_N_1,R1,BL1 - BL1-H,SSC - SSC-H,561,50,11.220,28923,1682,42057.99,2008.11
HW_BACT_6-24-25_ST2,LD_C_20_N_2,All Events,BL1 - BL1-H,N/A,377,50,7.540,45782,N/A,48994.35,N/A
HW_BACT_6-24-25_ST2,LD_C_20_N_2,R2,BL1 - BL1-H,N/A,253,50,5.060,66744,N/A,47330.84,N/A
HW_BACT_6-24-25_ST2,LD_C_20_N_2,R1,BL1 - BL1-H,N/A,377,50,7.540,45782,N/A,48994.35,N/A
HW_BACT_6-24-25_ST2,LD_C_20_N_2,R1,FSC - FSC-H,SSC - SSC-H,377,50,7.540,2087,1582,1121.55,1809.50
HW_BACT_6-24-25_ST2,LD_C_20_N_2,R3,BL1 - BL1-H,SSC - SSC-H,185,50,3.700,87723,1308,37387.36,724.39
HW_BACT_6-24-25_ST2,LD_C_20_N_2,R1,BL1 - BL1-H,SSC - SSC-H,377,50,7.540,45782,1582,48994.35,1809.50
HW_BACT_6-24-25_ST2,LD_C_20_N_3,All Events,BL1 - BL1-H,N/A,559,50,11.180,39720,N/A,44662.67,N/A
HW_BACT_6-24-25_ST2,LD_C_20_N_3,R2,BL1 - BL1-H,N/A,356,50,7.120,60613,N/A,43929.30,N/A
HW_BACT_6-24-25_ST2,LD_C_20_N_3,R1,BL1 - BL1-H,N/A,559,50,11.180,39720,N/A,44662.67,N/A
HW_BACT_6-24-25_ST2,LD_C_20_N_3,R1,FSC - FSC-H,SSC - SSC-H,559,50,11.180,2059,1502,916.99,1519.34
HW_BACT_6-24-25_ST2,LD_C_20_N_3,R3,BL1 - BL1-H,SSC - SSC-H,266,50,5.320,78237,1375,36572.89,782.14
HW_BACT_6-24-25_ST2,LD_C_20_N_3,R1,BL1 - BL1-H,SSC - SSC-H,559,50,11.180,39720,1502,44662.67,1519.34
HW_BACT_6-24-25_ST2,LD_C_25_N_1,All Events,BL1 - BL1-H,N/A,584,50,11.680,69753,N/A,43175.03,N/A
HW_BACT_6-24-25_ST2,LD_C_25_N_1,R2,BL1 - BL1-H,N/A,536,50,10.720,75723,N/A,39960.58,N/A
HW_BACT_6-24-25_ST2,LD_C_25_N_1,R1,BL1 - BL1-H,N/A,584,50,11.680,69753,N/A,43175.03,N/A
HW_BACT_6-24-25_ST2,LD_C_25_N_1,R1,FSC - FSC-H,SSC - SSC-H,584,50,11.680,2422,1789,1376.37,1305.36
HW_BACT_6-24-25_ST2,LD_C_25_N_1,R3,BL1 - BL1-H,SSC - SSC-H,486,50,9.720,82570,1682,35377.55,886.16
HW_BACT_6-24-25_ST2,LD_C_25_N_1,R1,BL1 - BL1-H,SSC - SSC-H,584,50,11.680,69753,1789,43175.03,1305.36
HW_BACT_6-24-25_ST2,LD_C_25_N_2,All Events,BL1 - BL1-H,N/A,1009,50,20.180,46294,N/A,52471.86,N/A
HW_BACT_6-24-25_ST2,LD_C_25_N_2,R2,BL1 - BL1-H,N/A,667,50,13.340,68072,N/A,51582.45,N/A
HW_BACT_6-24-25_ST2,LD_C_25_N_2,R1,BL1 - BL1-H,N/A,1009,50,20.180,46294,N/A,52471.86,N/A
HW_BACT_6-24-25_ST2,LD_C_25_N_2,R1,FSC - FSC-H,SSC - SSC-H,1009,50,20.180,2461,3131,1179.03,2455.17
HW_BACT_6-24-25_ST2,LD_C_25_N_2,R3,BL1 - BL1-H,SSC - SSC-H,450,50,9.000,96425,2003,39650.82,1170.33
HW_BACT_6-24-25_ST2,LD_C_25_N_2,R1,BL1 - BL1-H,SSC - SSC-H,1009,50,20.180,46294,3131,52471.86,2455.17
HW_BACT_6-24-25_ST2,LD_C_30_N_1,All Events,BL1 - BL1-H,N/A,256,50,5.120,68248,N/A,50553.98,N/A
HW_BACT_6-24-25_ST2,LD_C_30_N_1,R2,BL1 - BL1-H,N/A,215,50,4.300,80678,N/A,45563.82,N/A
HW_BACT_6-24-25_ST2,LD_C_30_N_1,R1,BL1 - BL1-H,N/A,256,50,5.120,68248,N/A,50553.98,N/A
HW_BACT_6-24-25_ST2,LD_C_30_N_1,R1,FSC - FSC-H,SSC - SSC-H,256,50,5.120,2527,1870,1641.39,1821.90
HW_BACT_6-24-25_ST2,LD_C_30_N_1,R3,BL1 - BL1-H,SSC - SSC-H,175,50,3.500,96998,1428,33221.08,774.88
HW_BACT_6-24-25_ST2,LD_C_30_N_1,R1,BL1 - BL1-H,SSC - SSC-H,256,50,5.120,68248,1870,50553.98,1821.90
HW_BACT_6-24-25_ST2,LD_C_30_N_2,All Events,BL1 - BL1-H,N/A,285,50,5.700,76346,N/A,51869.47,N/A
HW_BACT_6-24-25_ST2,LD_C_30_N_2,R2,BL1 - BL1-H,N/A,247,50,4.940,86643,N/A,45575.68,N/A
HW_BACT_6-24-25_ST2,LD_C_30_N_2,R1,BL1 - BL1-H,N/A,285,50,5.700,76346,N/A,51869.47,N/A
HW_BACT_6-24-25_ST2,LD_C_30_N_2,R1,FSC - FSC-H,SSC - SSC-H,285,50,5.700,2318,1580,1055.08,1408.49
HW_BACT_6-24-25_ST2,LD_C_30_N_2,R3,BL1 - BL1-H,SSC - SSC-H,219,50,4.380,97352,1497,39421.70,938.82
HW_BACT_6-24-25_ST2,LD_C_30_N_2,R1,BL1 - BL1-H,SSC - SSC-H,285,50,5.700,76346,1580,51869.47,1408.49
HW_BACT_6-24-25_ST2,LD_C_30_N_3,All Events,BL1 - BL1-H,N/A,246,50,4.920,73398,N/A,53391.07,N/A
HW_BACT_6-24-25_ST2,LD_C_30_N_3,R2,BL1 - BL1-H,N/A,219,50,4.380,82051,N/A,50182.64,N/A
HW_BACT_6-24-25_ST2,LD_C_30_N_3,R1,BL1 - BL1-H,N/A,246,50,4.920,73398,N/A,53391.07,N/A
HW_BACT_6-24-25_ST2,LD_C_30_N_3,R1,FSC - FSC-H,SSC - SSC-H,246,50,4.920,2410,1562,1390.73,1243.67
HW_BACT_6-24-25_ST2,LD_C_30_N_3,R3,BL1 - BL1-H,SSC - SSC-H,186,50,3.720,95201,1454,42544.51,816.82
HW_BACT_6-24-25_ST2,LD_C_30_N_3,R1,BL1 - BL1-H,SSC - SSC-H,246,50,4.920,73398,1562,53391.07,1243.67
HW_BACT_6-24-25_ST2,OTB_H_20_1,All Events,BL1 - BL1-H,N/A,7360,50,147.200,47021,N/A,35334.14,N/A
HW_BACT_6-24-25_ST2,OTB_H_20_1,R2,BL1 - BL1-H,N/A,7180,50,143.600,46599,N/A,26752.81,N/A
HW_BACT_6-24-25_ST2,OTB_H_20_1,R1,BL1 - BL1-H,N/A,7360,50,147.200,47021,N/A,35334.14,N/A
HW_BACT_6-24-25_ST2,OTB_H_20_1,R1,FSC - FSC-H,SSC - SSC-H,7360,50,147.200,1937,932,921.20,1068.03
HW_BACT_6-24-25_ST2,OTB_H_20_1,R3,BL1 - BL1-H,SSC - SSC-H,6961,50,139.220,48719,897,31099.13,880.96
HW_BACT_6-24-25_ST2,OTB_H_20_1,R1,BL1 - BL1-H,SSC - SSC-H,7360,50,147.200,47021,932,35334.14,1068.03
HW_BACT_6-24-25_ST2,OTB_H_20_2,All Events,BL1 - BL1-H,N/A,6391,50,127.820,44881,N/A,35691.57,N/A
HW_BACT_6-24-25_ST2,OTB_H_20_2,R2,BL1 - BL1-H,N/A,6213,50,124.260,44451,N/A,25823.96,N/A
HW_BACT_6-24-25_ST2,OTB_H_20_2,R1,BL1 - BL1-H,N/A,6391,50,127.820,44881,N/A,35691.57,N/A
HW_BACT_6-24-25_ST2,OTB_H_20_2,R1,FSC - FSC-H,SSC - SSC-H,6391,50,127.820,1921,925,882.71,1033.55
HW_BACT_6-24-25_ST2,OTB_H_20_2,R3,BL1 - BL1-H,SSC - SSC-H,5942,50,118.840,47185,894,31506.18,857.30
HW_BACT_6-24-25_ST2,OTB_H_20_2,R1,BL1 - BL1-H,SSC - SSC-H,6391,50,127.820,44881,925,35691.57,1033.55
HW_BACT_6-24-25_ST2,OTB_H_20_3,All Events,BL1 - BL1-H,N/A,6794,50,135.880,45852,N/A,34368.34,N/A
HW_BACT_6-24-25_ST2,OTB_H_20_3,R2,BL1 - BL1-H,N/A,6592,50,131.840,45551,N/A,25219.54,N/A
HW_BACT_6-24-25_ST2,OTB_H_20_3,R1,BL1 - BL1-H,N/A,6794,50,135.880,45852,N/A,34368.34,N/A
HW_BACT_6-24-25_ST2,OTB_H_20_3,R1,FSC - FSC-H,SSC - SSC-H,6794,50,135.880,1922,900,935.28,1079.61
HW_BACT_6-24-25_ST2,OTB_H_20_3,R3,BL1 - BL1-H,SSC - SSC-H,6355,50,127.100,47867,862,30559.78,862.21
HW_BACT_6-24-25_ST2,OTB_H_20_3,R1,BL1 - BL1-H,SSC - SSC-H,6794,50,135.880,45852,900,34368.34,1079.61
HW_BACT_6-24-25_ST2,OTB_H_25_1,All Events,BL1 - BL1-H,N/A,4622,50,92.440,44644,N/A,31645.08,N/A
HW_BACT_6-24-25_ST2,OTB_H_25_1,R2,BL1 - BL1-H,N/A,4464,50,89.280,44613,N/A,24807.33,N/A
HW_BACT_6-24-25_ST2,OTB_H_25_1,R1,BL1 - BL1-H,N/A,4622,50,92.440,44644,N/A,31645.08,N/A
HW_BACT_6-24-25_ST2,OTB_H_25_1,R1,FSC - FSC-H,SSC - SSC-H,4622,50,92.440,1991,800,951.12,788.07
HW_BACT_6-24-25_ST2,OTB_H_25_1,R3,BL1 - BL1-H,SSC - SSC-H,4328,50,86.560,47188,787,31022.32,675.23
HW_BACT_6-24-25_ST2,OTB_H_25_1,R1,BL1 - BL1-H,SSC - SSC-H,4622,50,92.440,44644,800,31645.08,788.07
HW_BACT_6-24-25_ST2,OTB_H_25_2,All Events,BL1 - BL1-H,N/A,4020,50,80.400,43204,N/A,33668.05,N/A
HW_BACT_6-24-25_ST2,OTB_H_25_2,R2,BL1 - BL1-H,N/A,3858,50,77.160,43180,N/A,24581.52,N/A
HW_BACT_6-24-25_ST2,OTB_H_25_2,R1,BL1 - BL1-H,N/A,4020,50,80.400,43204,N/A,33668.05,N/A
HW_BACT_6-24-25_ST2,OTB_H_25_2,R1,FSC - FSC-H,SSC - SSC-H,4020,50,80.400,1981,815,945.92,991.15
HW_BACT_6-24-25_ST2,OTB_H_25_2,R3,BL1 - BL1-H,SSC - SSC-H,3709,50,74.180,45899,775,31613.77,690.64
HW_BACT_6-24-25_ST2,OTB_H_25_2,R1,BL1 - BL1-H,SSC - SSC-H,4020,50,80.400,43204,815,33668.05,991.15
HW_BACT_6-24-25_ST2,OTB_H_25_3,All Events,BL1 - BL1-H,N/A,4318,50,86.360,40240,N/A,29917.13,N/A
HW_BACT_6-24-25_ST2,OTB_H_25_3,R2,BL1 - BL1-H,N/A,4170,50,83.400,40381,N/A,24269.55,N/A
HW_BACT_6-24-25_ST2,OTB_H_25_3,R1,BL1 - BL1-H,N/A,4318,50,86.360,40240,N/A,29917.13,N/A
HW_BACT_6-24-25_ST2,OTB_H_25_3,R1,FSC - FSC-H,SSC - SSC-H,4318,50,86.360,1952,767,932.26,800.84
HW_BACT_6-24-25_ST2,OTB_H_25_3,R3,BL1 - BL1-H,SSC - SSC-H,3958,50,79.160,43259,753,29391.93,614.58
HW_BACT_6-24-25_ST2,OTB_H_25_3,R1,BL1 - BL1-H,SSC - SSC-H,4318,50,86.360,40240,767,29917.13,800.84
HW_BACT_6-24-25_ST2,OTB_H_30_1,All Events,BL1 - BL1-H,N/A,5561,50,111.220,42544,N/A,30623.43,N/A
HW_BACT_6-24-25_ST2,OTB_H_30_1,R2,BL1 - BL1-H,N/A,5405,50,108.100,42540,N/A,24424.85,N/A
HW_BACT_6-24-25_ST2,OTB_H_30_1,R1,BL1 - BL1-H,N/A,5561,50,111.220,42544,N/A,30623.43,N/A
HW_BACT_6-24-25_ST2,OTB_H_30_1,R1,FSC - FSC-H,SSC - SSC-H,5561,50,111.220,2009,900,1024.49,948.66
HW_BACT_6-24-25_ST2,OTB_H_30_1,R3,BL1 - BL1-H,SSC - SSC-H,5175,50,103.500,44883,871,29489.97,792.56
HW_BACT_6-24-25_ST2,OTB_H_30_1,R1,BL1 - BL1-H,SSC - SSC-H,5561,50,111.220,42544,900,30623.43,948.66
HW_BACT_6-24-25_ST2,OTB_H_30_3,All Events,BL1 - BL1-H,N/A,4886,50,97.720,45591,N/A,35964.46,N/A
HW_BACT_6-24-25_ST2,OTB_H_30_3,R2,BL1 - BL1-H,N/A,4720,50,94.400,44995,N/A,25637.77,N/A
HW_BACT_6-24-25_ST2,OTB_H_30_3,R1,BL1 - BL1-H,N/A,4886,50,97.720,45591,N/A,35964.46,N/A
HW_BACT_6-24-25_ST2,OTB_H_30_3,R1,FSC - FSC-H,SSC - SSC-H,4886,50,97.720,2006,904,1054.48,999.26
HW_BACT_6-24-25_ST2,OTB_H_30_3,R3,BL1 - BL1-H,SSC - SSC-H,4539,50,90.780,48137,880,34527.83,844.03
HW_BACT_6-24-25_ST2,OTB_H_30_3,R1,BL1 - BL1-H,SSC - SSC-H,4886,50,97.720,45591,904,35964.46,999.26
HW_BACT_6-24-25_ST2,OTB_C_20_1,All Events,BL1 - BL1-H,N/A,3339,50,66.780,41959,N/A,25674.20,N/A
HW_BACT_6-24-25_ST2,OTB_C_20_1,R2,BL1 - BL1-H,N/A,3218,50,64.360,43241,N/A,24272.14,N/A
HW_BACT_6-24-25_ST2,OTB_C_20_1,R1,BL1 - BL1-H,N/A,3339,50,66.780,41959,N/A,25674.20,N/A
HW_BACT_6-24-25_ST2,OTB_C_20_1,R1,FSC - FSC-H,SSC - SSC-H,3339,50,66.780,1914,959,875.46,1468.13
HW_BACT_6-24-25_ST2,OTB_C_20_1,R3,BL1 - BL1-H,SSC - SSC-H,2940,50,58.800,46450,771,23543.63,707.25
HW_BACT_6-24-25_ST2,OTB_C_20_1,R1,BL1 - BL1-H,SSC - SSC-H,3339,50,66.780,41959,959,25674.20,1468.13
HW_BACT_6-24-25_ST2,OTB_C_20_2,All Events,BL1 - BL1-H,N/A,2680,50,53.600,42696,N/A,25465.44,N/A
HW_BACT_6-24-25_ST2,OTB_C_20_2,R2,BL1 - BL1-H,N/A,2600,50,52.000,43588,N/A,23530.73,N/A
HW_BACT_6-24-25_ST2,OTB_C_20_2,R1,BL1 - BL1-H,N/A,2680,50,53.600,42696,N/A,25465.44,N/A
HW_BACT_6-24-25_ST2,OTB_C_20_2,R1,FSC - FSC-H,SSC - SSC-H,2680,50,53.600,1909,918,859.38,1363.63
HW_BACT_6-24-25_ST2,OTB_C_20_2,R3,BL1 - BL1-H,SSC - SSC-H,2428,50,48.560,45915,765,23873.61,799.27
HW_BACT_6-24-25_ST2,OTB_C_20_2,R1,BL1 - BL1-H,SSC - SSC-H,2680,50,53.600,42696,918,25465.44,1363.63
HW_BACT_6-24-25_ST2,OTB_C_20_3,All Events,BL1 - BL1-H,N/A,4187,50,83.740,46467,N/A,76324.09,N/A
HW_BACT_6-24-25_ST2,OTB_C_20_3,R2,BL1 - BL1-H,N/A,3687,50,73.740,42620,N/A,33664.60,N/A
HW_BACT_6-24-25_ST2,OTB_C_20_3,R1,BL1 - BL1-H,N/A,4187,50,83.740,46467,N/A,76324.09,N/A
HW_BACT_6-24-25_ST2,OTB_C_20_3,R1,FSC - FSC-H,SSC - SSC-H,4187,50,83.740,2125,694,1132.28,1150.56
HW_BACT_6-24-25_ST2,OTB_C_20_3,R3,BL1 - BL1-H,SSC - SSC-H,2733,50,54.660,45692,711,25751.25,759.20
HW_BACT_6-24-25_ST2,OTB_C_20_3,R1,BL1 - BL1-H,SSC - SSC-H,4187,50,83.740,46467,694,76324.09,1150.56
HW_BACT_6-24-25_ST2,OTB_C_25_1,All Events,BL1 - BL1-H,N/A,2171,50,43.420,38551,N/A,25575.80,N/A
HW_BACT_6-24-25_ST2,OTB_C_25_1,R2,BL1 - BL1-H,N/A,2076,50,41.520,39915,N/A,23971.66,N/A
HW_BACT_6-24-25_ST2,OTB_C_25_1,R1,BL1 - BL1-H,N/A,2171,50,43.420,38551,N/A,25575.80,N/A
HW_BACT_6-24-25_ST2,OTB_C_25_1,R1,FSC - FSC-H,SSC - SSC-H,2171,50,43.420,2042,997,1113.59,1136.18
HW_BACT_6-24-25_ST2,OTB_C_25_1,R3,BL1 - BL1-H,SSC - SSC-H,1874,50,37.480,43348,901,23532.04,853.22
HW_BACT_6-24-25_ST2,OTB_C_25_1,R1,BL1 - BL1-H,SSC - SSC-H,2171,50,43.420,38551,997,25575.80,1136.18
HW_BACT_6-24-25_ST2,OTB_C_25_2,All Events,BL1 - BL1-H,N/A,3029,50,60.580,42510,N/A,28141.25,N/A
HW_BACT_6-24-25_ST2,OTB_C_25_2,R2,BL1 - BL1-H,N/A,2935,50,58.700,43239,N/A,22275.49,N/A
HW_BACT_6-24-25_ST2,OTB_C_25_2,R1,BL1 - BL1-H,N/A,3029,50,60.580,42510,N/A,28141.25,N/A
HW_BACT_6-24-25_ST2,OTB_C_25_2,R1,FSC - FSC-H,SSC - SSC-H,3029,50,60.580,2002,854,975.58,1126.75
HW_BACT_6-24-25_ST2,OTB_C_25_2,R3,BL1 - BL1-H,SSC - SSC-H,2768,50,55.360,45323,759,21679.94,671.32
HW_BACT_6-24-25_ST2,OTB_C_25_2,R1,BL1 - BL1-H,SSC - SSC-H,3029,50,60.580,42510,854,28141.25,1126.75
HW_BACT_6-24-25_ST2,OTB_C_25_3,All Events,BL1 - BL1-H,N/A,3383,50,67.660,43919,N/A,29577.06,N/A
HW_BACT_6-24-25_ST2,OTB_C_25_3,R2,BL1 - BL1-H,N/A,3300,50,66.000,43975,N/A,23510.48,N/A
HW_BACT_6-24-25_ST2,OTB_C_25_3,R1,BL1 - BL1-H,N/A,3383,50,67.660,43919,N/A,29577.06,N/A
HW_BACT_6-24-25_ST2,OTB_C_25_3,R1,FSC - FSC-H,SSC - SSC-H,3383,50,67.660,1992,834,969.20,975.58
HW_BACT_6-24-25_ST2,OTB_C_25_3,R3,BL1 - BL1-H,SSC - SSC-H,3107,50,62.140,47094,789,28696.11,773.01
HW_BACT_6-24-25_ST2,OTB_C_25_3,R1,BL1 - BL1-H,SSC - SSC-H,3383,50,67.660,43919,834,29577.06,975.58
HW_BACT_6-24-25_ST2,OTB_C_30_1,All Events,BL1 - BL1-H,N/A,3824,50,76.480,45271,N/A,28796.84,N/A
HW_BACT_6-24-25_ST2,OTB_C_30_1,R2,BL1 - BL1-H,N/A,3693,50,73.860,46366,N/A,26620.71,N/A
HW_BACT_6-24-25_ST2,OTB_C_30_1,R1,BL1 - BL1-H,N/A,3824,50,76.480,45271,N/A,28796.84,N/A
HW_BACT_6-24-25_ST2,OTB_C_30_1,R1,FSC - FSC-H,SSC - SSC-H,3824,50,76.480,2014,824,1070.22,960.84
HW_BACT_6-24-25_ST2,OTB_C_30_1,R3,BL1 - BL1-H,SSC - SSC-H,3515,50,70.300,48530,766,27581.19,710.25
HW_BACT_6-24-25_ST2,OTB_C_30_1,R1,BL1 - BL1-H,SSC - SSC-H,3824,50,76.480,45271,824,28796.84,960.84
HW_BACT_6-24-25_ST2,OTB_C_30_2,All Events,BL1 - BL1-H,N/A,3868,50,77.360,46868,N/A,31772.65,N/A
HW_BACT_6-24-25_ST2,OTB_C_30_2,R2,BL1 - BL1-H,N/A,3758,50,75.160,47012,N/A,26421.56,N/A
HW_BACT_6-24-25_ST2,OTB_C_30_2,R1,BL1 - BL1-H,N/A,3868,50,77.360,46868,N/A,31772.65,N/A
HW_BACT_6-24-25_ST2,OTB_C_30_2,R1,FSC - FSC-H,SSC - SSC-H,3868,50,77.360,2035,810,1095.99,891.18
HW_BACT_6-24-25_ST2,OTB_C_30_2,R3,BL1 - BL1-H,SSC - SSC-H,3606,50,72.120,49275,780,29961.29,727.17
HW_BACT_6-24-25_ST2,OTB_C_30_2,R1,BL1 - BL1-H,SSC - SSC-H,3868,50,77.360,46868,810,31772.65,891.18
HW_BACT_6-24-25_ST2,OTB_C_30_3,All Events,BL1 - BL1-H,N/A,3773,50,75.460,47005,N/A,38653.77,N/A
HW_BACT_6-24-25_ST2,OTB_C_30_3,R2,BL1 - BL1-H,N/A,3625,50,72.500,46630,N/A,28056.65,N/A
HW_BACT_6-24-25_ST2,OTB_C_30_3,R1,BL1 - BL1-H,N/A,3773,50,75.460,47005,N/A,38653.77,N/A
HW_BACT_6-24-25_ST2,OTB_C_30_3,R1,FSC - FSC-H,SSC - SSC-H,3773,50,75.460,2041,851,1167.85,939.63
HW_BACT_6-24-25_ST2,OTB_C_30_3,R3,BL1 - BL1-H,SSC - SSC-H,3446,50,68.920,50094,817,34339.39,762.96
HW_BACT_6-24-25_ST2,OTB_C_30_3,R1,BL1 - BL1-H,SSC - SSC-H,3773,50,75.460,47005,851,38653.77,939.63
HW_BACT_6-24-25_ST2,OTB_H_20_N_2,All Events,BL1 - BL1-H,N/A,7068,50,141.360,58701,N/A,99803.15,N/A
HW_BACT_6-24-25_ST2,OTB_H_20_N_2,R2,BL1 - BL1-H,N/A,6616,50,132.320,44767,N/A,29702.66,N/A
HW_BACT_6-24-25_ST2,OTB_H_20_N_2,R1,BL1 - BL1-H,N/A,7068,50,141.360,58701,N/A,99803.15,N/A
HW_BACT_6-24-25_ST2,OTB_H_20_N_2,R1,FSC - FSC-H,SSC - SSC-H,7068,50,141.360,1984,862,1051.74,1213.97
HW_BACT_6-24-25_ST2,OTB_H_20_N_2,R3,BL1 - BL1-H,SSC - SSC-H,6253,50,125.060,47593,773,36643.20,728.56
HW_BACT_6-24-25_ST2,OTB_H_20_N_2,R1,BL1 - BL1-H,SSC - SSC-H,7068,50,141.360,58701,862,99803.15,1213.97
HW_BACT_6-24-25_ST2,OTB_H_20_N_3,All Events,BL1 - BL1-H,N/A,5540,50,110.800,38991,N/A,27745.23,N/A
HW_BACT_6-24-25_ST2,OTB_H_20_N_3,R2,BL1 - BL1-H,N/A,5320,50,106.400,40150,N/A,25688.77,N/A
HW_BACT_6-24-25_ST2,OTB_H_20_N_3,R1,BL1 - BL1-H,N/A,5540,50,110.800,38991,N/A,27745.23,N/A
HW_BACT_6-24-25_ST2,OTB_H_20_N_3,R1,FSC - FSC-H,SSC - SSC-H,5540,50,110.800,1870,805,843.42,929.58
HW_BACT_6-24-25_ST2,OTB_H_20_N_3,R3,BL1 - BL1-H,SSC - SSC-H,4933,50,98.660,42885,767,26789.15,682.87
HW_BACT_6-24-25_ST2,OTB_H_20_N_3,R1,BL1 - BL1-H,SSC - SSC-H,5540,50,110.800,38991,805,27745.23,929.58
HW_BACT_6-24-25_ST2,OTB_H_25_N_1,All Events,BL1 - BL1-H,N/A,6495,50,129.900,47038,N/A,50396.64,N/A
HW_BACT_6-24-25_ST2,OTB_H_25_N_1,R2,BL1 - BL1-H,N/A,6284,50,125.680,44741,N/A,25719.33,N/A
HW_BACT_6-24-25_ST2,OTB_H_25_N_1,R1,BL1 - BL1-H,N/A,6495,50,129.900,47038,N/A,50396.64,N/A
HW_BACT_6-24-25_ST2,OTB_H_25_N_1,R1,FSC - FSC-H,SSC - SSC-H,6495,50,129.900,2041,856,1269.96,933.59
HW_BACT_6-24-25_ST2,OTB_H_25_N_1,R3,BL1 - BL1-H,SSC - SSC-H,6014,50,120.280,48087,813,34161.62,706.55
HW_BACT_6-24-25_ST2,OTB_H_25_N_1,R1,BL1 - BL1-H,SSC - SSC-H,6495,50,129.900,47038,856,50396.64,933.59
HW_BACT_6-24-25_ST2,OTB_H_25_N_2,All Events,BL1 - BL1-H,N/A,6280,50,125.600,46280,N/A,41011.95,N/A
HW_BACT_6-24-25_ST2,OTB_H_25_N_2,R2,BL1 - BL1-H,N/A,6098,50,121.960,45265,N/A,26186.41,N/A
HW_BACT_6-24-25_ST2,OTB_H_25_N_2,R1,BL1 - BL1-H,N/A,6280,50,125.600,46280,N/A,41011.95,N/A
HW_BACT_6-24-25_ST2,OTB_H_25_N_2,R1,FSC - FSC-H,SSC - SSC-H,6280,50,125.600,2005,778,1024.55,772.41
HW_BACT_6-24-25_ST2,OTB_H_25_N_2,R3,BL1 - BL1-H,SSC - SSC-H,5894,50,117.880,48152,773,35420.04,677.50
HW_BACT_6-24-25_ST2,OTB_H_25_N_2,R1,BL1 - BL1-H,SSC - SSC-H,6280,50,125.600,46280,778,41011.95,772.41
HW_BACT_6-24-25_ST2,OTB_H_25_N_3,All Events,BL1 - BL1-H,N/A,10022,50,200.440,46342,N/A,37293.55,N/A
HW_BACT_6-24-25_ST2,OTB_H_25_N_3,R2,BL1 - BL1-H,N/A,9607,50,192.140,46051,N/A,27706.81,N/A
HW_BACT_6-24-25_ST2,OTB_H_25_N_3,R1,BL1 - BL1-H,N/A,10022,50,200.440,46342,N/A,37293.55,N/A
HW_BACT_6-24-25_ST2,OTB_H_25_N_3,R1,FSC - FSC-H,SSC - SSC-H,10022,50,200.440,2024,865,1111.15,936.32
HW_BACT_6-24-25_ST2,OTB_H_25_N_3,R3,BL1 - BL1-H,SSC - SSC-H,9147,50,182.940,49808,868,35221.35,849.73
HW_BACT_6-24-25_ST2,OTB_H_25_N_3,R1,BL1 - BL1-H,SSC - SSC-H,10022,50,200.440,46342,865,37293.55,936.32
HW_BACT_6-24-25_ST2,OTB_H_30_N_1,All Events,BL1 - BL1-H,N/A,6647,50,132.940,46093,N/A,39956.55,N/A
HW_BACT_6-24-25_ST2,OTB_H_30_N_1,R2,BL1 - BL1-H,N/A,6423,50,128.460,44745,N/A,27275.71,N/A
HW_BACT_6-24-25_ST2,OTB_H_30_N_1,R1,BL1 - BL1-H,N/A,6647,50,132.940,46093,N/A,39956.55,N/A
HW_BACT_6-24-25_ST2,OTB_H_30_N_1,R1,FSC - FSC-H,SSC - SSC-H,6647,50,132.940,2028,900,1080.80,985.38
HW_BACT_6-24-25_ST2,OTB_H_30_N_1,R3,BL1 - BL1-H,SSC - SSC-H,6211,50,124.220,48247,886,37182.03,840.70
HW_BACT_6-24-25_ST2,OTB_H_30_N_1,R1,BL1 - BL1-H,SSC - SSC-H,6647,50,132.940,46093,900,39956.55,985.38
HW_BACT_6-24-25_ST2,OTB_H_30_N_2,All Events,BL1 - BL1-H,N/A,6148,50,122.960,45342,N/A,39227.76,N/A
HW_BACT_6-24-25_ST2,OTB_H_30_N_2,R2,BL1 - BL1-H,N/A,5942,50,118.840,44255,N/A,27181.32,N/A
HW_BACT_6-24-25_ST2,OTB_H_30_N_2,R1,BL1 - BL1-H,N/A,6148,50,122.960,45342,N/A,39227.76,N/A
HW_BACT_6-24-25_ST2,OTB_H_30_N_2,R1,FSC - FSC-H,SSC - SSC-H,6148,50,122.960,2045,888,1088.71,997.59
HW_BACT_6-24-25_ST2,OTB_H_30_N_2,R3,BL1 - BL1-H,SSC - SSC-H,5713,50,114.260,47566,872,35495.12,851.73
HW_BACT_6-24-25_ST2,OTB_H_30_N_2,R1,BL1 - BL1-H,SSC - SSC-H,6148,50,122.960,45342,888,39227.76,997.59
HW_BACT_6-24-25_ST2,OTB_H_30_N_3,All Events,BL1 - BL1-H,N/A,6770,50,135.400,46392,N/A,43041.25,N/A
HW_BACT_6-24-25_ST2,OTB_H_30_N_3,R2,BL1 - BL1-H,N/A,6541,50,130.820,44519,N/A,28144.00,N/A
HW_BACT_6-24-25_ST2,OTB_H_30_N_3,R1,BL1 - BL1-H,N/A,6770,50,135.400,46392,N/A,43041.25,N/A
HW_BACT_6-24-25_ST2,OTB_H_30_N_3,R1,FSC - FSC-H,SSC - SSC-H,6770,50,135.400,2040,930,1124.24,1009.18
HW_BACT_6-24-25_ST2,OTB_H_30_N_3,R3,BL1 - BL1-H,SSC - SSC-H,6288,50,125.760,48624,905,40122.75,840.54
HW_BACT_6-24-25_ST2,OTB_H_30_N_3,R1,BL1 - BL1-H,SSC - SSC-H,6770,50,135.400,46392,930,43041.25,1009.18
HW_BACT_6-24-25_ST2,OTB_C_20_N_1,All Events,BL1 - BL1-H,N/A,2605,50,52.100,39396,N/A,29167.44,N/A
HW_BACT_6-24-25_ST2,OTB_C_20_N_1,R2,BL1 - BL1-H,N/A,2444,50,48.880,41345,N/A,26302.54,N/A
HW_BACT_6-24-25_ST2,OTB_C_20_N_1,R1,BL1 - BL1-H,N/A,2605,50,52.100,39396,N/A,29167.44,N/A
HW_BACT_6-24-25_ST2,OTB_C_20_N_1,R1,FSC - FSC-H,SSC - SSC-H,2605,50,52.100,1890,824,904.67,1068.31
HW_BACT_6-24-25_ST2,OTB_C_20_N_1,R3,BL1 - BL1-H,SSC - SSC-H,2235,50,44.700,44674,736,27748.99,681.57
HW_BACT_6-24-25_ST2,OTB_C_20_N_1,R1,BL1 - BL1-H,SSC - SSC-H,2605,50,52.100,39396,824,29167.44,1068.31
HW_BACT_6-24-25_ST2,OTB_C_20_N_2,All Events,BL1 - BL1-H,N/A,15091,50,301.820,41748,N/A,33489.92,N/A
HW_BACT_6-24-25_ST2,OTB_C_20_N_2,R2,BL1 - BL1-H,N/A,14607,50,292.140,42438,N/A,31336.87,N/A
HW_BACT_6-24-25_ST2,OTB_C_20_N_2,R1,BL1 - BL1-H,N/A,15091,50,301.820,41748,N/A,33489.92,N/A
HW_BACT_6-24-25_ST2,OTB_C_20_N_2,R1,FSC - FSC-H,SSC - SSC-H,15091,50,301.820,1909,991,849.18,800.83
HW_BACT_6-24-25_ST2,OTB_C_20_N_2,R3,BL1 - BL1-H,SSC - SSC-H,13464,50,269.280,45755,937,33116.78,709.01
HW_BACT_6-24-25_ST2,OTB_C_20_N_2,R1,BL1 - BL1-H,SSC - SSC-H,15091,50,301.820,41748,991,33489.92,800.83
HW_BACT_6-24-25_ST2,OTB_C_25_N_1,All Events,BL1 - BL1-H,N/A,3334,50,66.680,45695,N/A,29592.00,N/A
HW_BACT_6-24-25_ST2,OTB_C_25_N_1,R2,BL1 - BL1-H,N/A,3224,50,64.480,46548,N/A,26298.93,N/A
HW_BACT_6-24-25_ST2,OTB_C_25_N_1,R1,BL1 - BL1-H,N/A,3334,50,66.680,45695,N/A,29592.00,N/A
HW_BACT_6-24-25_ST2,OTB_C_25_N_1,R1,FSC - FSC-H,SSC - SSC-H,3334,50,66.680,2042,750,1181.71,870.08
HW_BACT_6-24-25_ST2,OTB_C_25_N_1,R3,BL1 - BL1-H,SSC - SSC-H,3045,50,60.900,49185,698,28355.99,623.29
HW_BACT_6-24-25_ST2,OTB_C_25_N_1,R1,BL1 - BL1-H,SSC - SSC-H,3334,50,66.680,45695,750,29592.00,870.08
HW_BACT_6-24-25_ST2,OTB_C_25_N_2,All Events,BL1 - BL1-H,N/A,4804,50,96.080,45903,N/A,32297.43,N/A
HW_BACT_6-24-25_ST2,OTB_C_25_N_2,R2,BL1 - BL1-H,N/A,4624,50,92.480,46312,N/A,26198.05,N/A
HW_BACT_6-24-25_ST2,OTB_C_25_N_2,R1,BL1 - BL1-H,N/A,4804,50,96.080,45903,N/A,32297.43,N/A
HW_BACT_6-24-25_ST2,OTB_C_25_N_2,R1,FSC - FSC-H,SSC - SSC-H,4804,50,96.080,2171,948,1632.68,1319.25
HW_BACT_6-24-25_ST2,OTB_C_25_N_2,R3,BL1 - BL1-H,SSC - SSC-H,4272,50,85.440,49960,771,30494.60,750.98
HW_BACT_6-24-25_ST2,OTB_C_25_N_2,R1,BL1 - BL1-H,SSC - SSC-H,4804,50,96.080,45903,948,32297.43,1319.25
HW_BACT_6-24-25_ST2,OTB_C_25_N_3,All Events,BL1 - BL1-H,N/A,4016,50,80.320,40840,N/A,25188.11,N/A
HW_BACT_6-24-25_ST2,OTB_C_25_N_3,R2,BL1 - BL1-H,N/A,3893,50,77.860,41494,N/A,22055.89,N/A
HW_BACT_6-24-25_ST2,OTB_C_25_N_3,R1,BL1 - BL1-H,N/A,4016,50,80.320,40840,N/A,25188.11,N/A
HW_BACT_6-24-25_ST2,OTB_C_25_N_3,R1,FSC - FSC-H,SSC - SSC-H,4016,50,80.320,2026,739,1293.51,886.75
HW_BACT_6-24-25_ST2,OTB_C_25_N_3,R3,BL1 - BL1-H,SSC - SSC-H,3631,50,72.620,43958,679,22758.21,562.26
HW_BACT_6-24-25_ST2,OTB_C_25_N_3,R1,BL1 - BL1-H,SSC - SSC-H,4016,50,80.320,40840,739,25188.11,886.75
HW_BACT_6-24-25_ST2,OTB_C_30_N_1,All Events,BL1 - BL1-H,N/A,2573,50,51.460,47273,N/A,33160.77,N/A
HW_BACT_6-24-25_ST2,OTB_C_30_N_1,R2,BL1 - BL1-H,N/A,2494,50,49.880,47302,N/A,27143.34,N/A
HW_BACT_6-24-25_ST2,OTB_C_30_N_1,R1,BL1 - BL1-H,N/A,2573,50,51.460,47273,N/A,33160.77,N/A
HW_BACT_6-24-25_ST2,OTB_C_30_N_1,R1,FSC - FSC-H,SSC - SSC-H,2573,50,51.460,2045,806,1139.01,906.76
HW_BACT_6-24-25_ST2,OTB_C_30_N_1,R3,BL1 - BL1-H,SSC - SSC-H,2386,50,47.720,50141,771,32481.71,771.64
HW_BACT_6-24-25_ST2,OTB_C_30_N_1,R1,BL1 - BL1-H,SSC - SSC-H,2573,50,51.460,47273,806,33160.77,906.76
HW_BACT_6-24-25_ST2,OTB_C_30_N_2,All Events,BL1 - BL1-H,N/A,2719,50,54.380,47453,N/A,35922.56,N/A
HW_BACT_6-24-25_ST2,OTB_C_30_N_2,R2,BL1 - BL1-H,N/A,2638,50,52.760,47095,N/A,28798.41,N/A
HW_BACT_6-24-25_ST2,OTB_C_30_N_2,R1,BL1 - BL1-H,N/A,2719,50,54.380,47453,N/A,35922.56,N/A
HW_BACT_6-24-25_ST2,OTB_C_30_N_2,R1,FSC - FSC-H,SSC - SSC-H,2719,50,54.380,2023,919,1078.41,1159.26
HW_BACT_6-24-25_ST2,OTB_C_30_N_2,R3,BL1 - BL1-H,SSC - SSC-H,2516,50,50.320,50450,857,35183.04,819.66
HW_BACT_6-24-25_ST2,OTB_C_30_N_2,R1,BL1 - BL1-H,SSC - SSC-H,2719,50,54.380,47453,919,35922.56,1159.26
HW_BACT_6-24-25_ST2,OTB_C_30_N_3,All Events,BL1 - BL1-H,N/A,2848,50,56.960,44567,N/A,32577.27,N/A
HW_BACT_6-24-25_ST2,OTB_C_30_N_3,R2,BL1 - BL1-H,N/A,2770,50,55.400,44568,N/A,27025.89,N/A
HW_BACT_6-24-25_ST2,OTB_C_30_N_3,R1,BL1 - BL1-H,N/A,2848,50,56.960,44567,N/A,32577.27,N/A
HW_BACT_6-24-25_ST2,OTB_C_30_N_3,R1,FSC - FSC-H,SSC - SSC-H,2848,50,56.960,2034,759,1044.46,883.26
HW_BACT_6-24-25_ST2,OTB_C_30_N_3,R3,BL1 - BL1-H,SSC - SSC-H,2611,50,52.220,47591,725,30338.00,681.54
HW_BACT_6-24-25_ST2,OTB_C_30_N_3,R1,BL1 - BL1-H,SSC - SSC-H,2848,50,56.960,44567,759,32577.27,883.26
HW_BACT_6-24-25_ST2,LD_C_20_2,All Events,BL1 - BL1-H,N/A,380,50,7.600,95104,N/A,66626.21,N/A
HW_BACT_6-24-25_ST2,LD_C_20_2,R2,BL1 - BL1-H,N/A,323,50,6.460,103153,N/A,51030.11,N/A
HW_BACT_6-24-25_ST2,LD_C_20_2,R1,BL1 - BL1-H,N/A,380,50,7.600,95104,N/A,66626.21,N/A
HW_BACT_6-24-25_ST2,LD_C_20_2,R1,FSC - FSC-H,SSC - SSC-H,380,50,7.600,2479,2566,1261.24,2662.61
HW_BACT_6-24-25_ST2,LD_C_20_2,R3,BL1 - BL1-H,SSC - SSC-H,290,50,5.800,121132,1702,52829.46,927.46
HW_BACT_6-24-25_ST2,LD_C_20_2,R1,BL1 - BL1-H,SSC - SSC-H,380,50,7.600,95104,2566,66626.21,2662.61
HW_BACT_6-24-25_ST2,LD_H_25_N_1,All Events,BL1 - BL1-H,N/A,2445,50,48.900,56384,N/A,35829.76,N/A
HW_BACT_6-24-25_ST2,LD_H_25_N_1,R2,BL1 - BL1-H,N/A,2300,50,46.000,59498,N/A,32661.72,N/A
HW_BACT_6-24-25_ST2,LD_H_25_N_1,R1,BL1 - BL1-H,N/A,2445,50,48.900,56384,N/A,35829.76,N/A
HW_BACT_6-24-25_ST2,LD_H_25_N_1,R1,FSC - FSC-H,SSC - SSC-H,2445,50,48.900,2187,1467,1424.34,1271.63
HW_BACT_6-24-25_ST2,LD_H_25_N_1,R3,BL1 - BL1-H,SSC - SSC-H,2151,50,43.020,63099,1418,32773.34,960.37
HW_BACT_6-24-25_ST2,LD_H_25_N_1,R1,BL1 - BL1-H,SSC - SSC-H,2445,50,48.900,56384,1467,35829.76,1271.63
HW_BACT_6-24-25_ST2,LD_C_25_N_3,All Events,BL1 - BL1-H,N/A,399,50,7.980,44855,N/A,46110.94,N/A
HW_BACT_6-24-25_ST2,LD_C_25_N_3,R2,BL1 - BL1-H,N/A,305,50,6.100,57719,N/A,45593.45,N/A
HW_BACT_6-24-25_ST2,LD_C_25_N_3,R1,BL1 - BL1-H,N/A,399,50,7.980,44855,N/A,46110.94,N/A
HW_BACT_6-24-25_ST2,LD_C_25_N_3,R1,FSC - FSC-H,SSC - SSC-H,399,50,7.980,2234,1533,1357.50,1532.40
HW_BACT_6-24-25_ST2,LD_C_25_N_3,R3,BL1 - BL1-H,SSC - SSC-H,226,50,4.520,74673,1376,40436.87,930.82
HW_BACT_6-24-25_ST2,LD_C_25_N_3,R1,BL1 - BL1-H,SSC - SSC-H,399,50,7.980,44855,1533,46110.94,1532.40
HW_BACT_6-24-25_ST2,OTB_H_30_2,All Events,BL1 - BL1-H,N/A,4765,50,95.300,43969,N/A,35588.14,N/A
HW_BACT_6-24-25_ST2,OTB_H_30_2,R2,BL1 - BL1-H,N/A,4637,50,92.740,43248,N/A,24671.11,N/A
HW_BACT_6-24-25_ST2,OTB_H_30_2,R1,BL1 - BL1-H,N/A,4765,50,95.300,43969,N/A,35588.14,N/A
HW_BACT_6-24-25_ST2,OTB_H_30_2,R1,FSC - FSC-H,SSC - SSC-H,4765,50,95.300,2014,886,1091.34,895.51
HW_BACT_6-24-25_ST2,OTB_H_30_2,R3,BL1 - BL1-H,SSC - SSC-H,4474,50,89.480,45931,875,32885.59,805.60
HW_BACT_6-24-25_ST2,OTB_H_30_2,R1,BL1 - BL1-H,SSC - SSC-H,4765,50,95.300,43969,886,35588.14,895.51
HW_BACT_6-24-25_ST2,OTB_H_20_N_1,All Events,BL1 - BL1-H,N/A,6352,50,127.040,44164,N/A,37169.03,N/A
HW_BACT_6-24-25_ST2,OTB_H_20_N_1,R2,BL1 - BL1-H,N/A,6117,50,122.340,43801,N/A,26109.30,N/A
HW_BACT_6-24-25_ST2,OTB_H_20_N_1,R1,BL1 - BL1-H,N/A,6352,50,127.040,44164,N/A,37169.03,N/A
HW_BACT_6-24-25_ST2,OTB_H_20_N_1,R1,FSC - FSC-H,SSC - SSC-H,6352,50,127.040,1918,830,883.41,995.11
HW_BACT_6-24-25_ST2,OTB_H_20_N_1,R3,BL1 - BL1-H,SSC - SSC-H,5820,50,116.400,46764,764,31504.47,727.40
HW_BACT_6-24-25_ST2,OTB_H_20_N_1,R1,BL1 - BL1-H,SSC - SSC-H,6352,50,127.040,44164,830,37169.03,995.11
HW_BACT_6-24-25_ST2,OTB_C_20_N_3,All Events,BL1 - BL1-H,N/A,2419,50,48.380,39555,N/A,30397.74,N/A
HW_BACT_6-24-25_ST2,OTB_C_20_N_3,R2,BL1 - BL1-H,N/A,2319,50,46.380,40129,N/A,25249.86,N/A
HW_BACT_6-24-25_ST2,OTB_C_20_N_3,R1,BL1 - BL1-H,N/A,2419,50,48.380,39555,N/A,30397.74,N/A
HW_BACT_6-24-25_ST2,OTB_C_20_N_3,R1,FSC - FSC-H,SSC - SSC-H,2419,50,48.380,1875,794,827.83,930.36
HW_BACT_6-24-25_ST2,OTB_C_20_N_3,R3,BL1 - BL1-H,SSC - SSC-H,2134,50,42.680,43771,720,29729.96,645.41
HW_BACT_6-24-25_ST2,OTB_C_20_N_3,R1,BL1 - BL1-H,SSC - SSC-H,2419,50,48.380,39555,794,30397.74,930.36
